"DISTRITO_F","MUNICIPIO","LOCALIDAD","SECCION","MANZANA","encuestas"
1,"PALENQUE","EJIDO NUEVA ESPERANZA 2A SECCION",954,1,5
1,"PALENQUE","EJIDO NUEVA ESPERANZA 2A SECCION",954,2,5
1,"PALENQUE","EJIDO NUEVA ESPERANZA 2A SECCION",954,3,5
1,"PALENQUE","EJIDO NUEVA ESPERANZA 2A SECCION",954,4,5
1,"PALENQUE","EJIDO NUEVA ESPERANZA 2A SECCION",954,5,5
1,"PALENQUE","EJIDO NUEVA ESPERANZA 2A SECCION",954,6,5
1,"PALENQUE","EJIDO NUEVA ESPERANZA 2A SECCION",954,7,5
1,"PALENQUE","EJIDO NUEVA ESPERANZA 2A SECCION",954,8,5
1,"PALENQUE","EJIDO NUEVA ESPERANZA 2A SECCION",954,9,5
1,"PALENQUE","EJIDO NUEVA ESPERANZA 2A SECCION",954,10,5
1,"PALENQUE","EJIDO NUEVA ESPERANZA 2A SECCION",954,11,5
1,"PALENQUE","EJIDO NUEVA ESPERANZA 2A SECCION",954,12,5
1,"PALENQUE","EJIDO NUEVA ESPERANZA 2A SECCION",954,14,5
1,"PALENQUE","EJIDO NUEVA ESPERANZA 2A SECCION",954,15,5
1,"PALENQUE","EJIDO NUEVA ESPERANZA 2A SECCION",954,16,5
1,"PALENQUE","EJIDO NUEVA ESPERANZA 2A SECCION",954,20,5
1,"PALENQUE","EJIDO NUEVA ESPERANZA 2A SECCION",954,21,5
1,"PALENQUE","EJIDO NUEVA ESPERANZA 2A SECCION",954,23,5
1,"PALENQUE","EJIDO NUEVA ESPERANZA 2A SECCION",954,24,5
1,"PALENQUE","EJIDO NUEVA ESPERANZA 2A SECCION",954,25,5
1,"PALENQUE","EJIDO NUEVA ESPERANZA 2A SECCION",954,26,5
1,"PALENQUE","EJIDO NUEVA ESPERANZA 2A SECCION",954,27,5
1,"PALENQUE","EJIDO NUEVA ESPERANZA 2A SECCION",954,28,5
1,"PALENQUE","PALENQUE",946,1,5
1,"PALENQUE","PALENQUE",946,19,5
1,"PALENQUE","PALENQUE",946,46,5
1,"PALENQUE","PALENQUE",946,71,5
1,"PALENQUE","PALENQUE",946,73,5
1,"PALENQUE","PALENQUE",946,80,5
1,"PALENQUE","PALENQUE",946,96,5
1,"PALENQUE","PALENQUE",947,17,5
1,"PALENQUE","PALENQUE",947,88,5
1,"PALENQUE","PALENQUE",947,106,5
1,"PALENQUE","PALENQUE",947,199,5
1,"PALENQUE","PALENQUE",947,228,5
1,"PALENQUE","PALENQUE",947,277,5
1,"PALENQUE","PALENQUE",947,296,5
1,"PALENQUE","PALENQUE",949,15,5
1,"PALENQUE","PALENQUE",949,18,5
1,"PALENQUE","PALENQUE",949,56,5
1,"PALENQUE","PALENQUE",949,216,5
1,"PALENQUE","PALENQUE",949,238,5
1,"PALENQUE","PALENQUE",949,339,5
1,"PALENQUE","PALENQUE",949,341,5
1,"PALENQUE","PALENQUE",950,20,5
1,"PALENQUE","PALENQUE",950,53,5
1,"PALENQUE","PALENQUE",950,76,5
1,"PALENQUE","PALENQUE",950,92,5
1,"PALENQUE","PALENQUE",950,139,5
1,"PALENQUE","PALENQUE",950,264,5
1,"PALENQUE","PALENQUE",950,269,5
1,"PALENQUE","PALENQUE",952,4,5
1,"PALENQUE","PALENQUE",952,9,5
1,"PALENQUE","PALENQUE",952,10,5
1,"PALENQUE","PALENQUE",952,26,5
1,"PALENQUE","PALENQUE",952,28,5
1,"PALENQUE","PALENQUE",952,32,5
1,"PALENQUE","PALENQUE",952,102,5
2,"ALDAMA","ALDAMA",399,3,5
2,"ALDAMA","ALDAMA",399,5,5
2,"ALDAMA","ALDAMA",399,7,5
2,"ALDAMA","ALDAMA",399,10,5
2,"ALDAMA","ALDAMA",399,13,5
2,"ALDAMA","ALDAMA",399,14,5
2,"ALDAMA","ALDAMA",399,16,5
2,"ALDAMA","ALDAMA",399,17,5
2,"ALDAMA","ALDAMA",399,18,5
2,"ALDAMA","ALDAMA",399,21,5
2,"ALDAMA","ALDAMA",399,23,5
2,"ALDAMA","ALDAMA",399,24,5
2,"ALDAMA","ALDAMA",399,32,5
2,"ALDAMA","ALDAMA",399,33,5
2,"ALDAMA","ALDAMA",399,34,5
2,"ALDAMA","ALDAMA",399,35,5
2,"ALDAMA","ALDAMA",399,36,5
2,"ALDAMA","ALDAMA",399,39,5
2,"ALDAMA","ALDAMA",399,40,5
2,"ALDAMA","ALDAMA",399,41,5
2,"ALDAMA","ALDAMA",399,42,5
2,"ALDAMA","ALDAMA",399,45,5
2,"ALDAMA","ALDAMA",399,46,5
2,"ALDAMA","ALDAMA",399,47,5
2,"ALDAMA","ALDAMA",399,50,5
2,"ALDAMA","ALDAMA",399,52,5
2,"ALDAMA","ALDAMA",399,53,5
2,"HUITIUPAN","EJIDO EMILIANO ZAPATA",562,1,5
2,"HUITIUPAN","EJIDO EMILIANO ZAPATA",562,2,5
2,"HUITIUPAN","EJIDO EMILIANO ZAPATA",562,3,5
2,"HUITIUPAN","EJIDO EMILIANO ZAPATA",562,4,5
2,"HUITIUPAN","EJIDO EMILIANO ZAPATA",562,5,5
2,"HUITIUPAN","EJIDO EMILIANO ZAPATA",562,6,5
2,"HUITIUPAN","EJIDO EMILIANO ZAPATA",562,7,5
2,"HUITIUPAN","EJIDO EMILIANO ZAPATA",562,8,5
2,"HUITIUPAN","EJIDO EMILIANO ZAPATA",562,9,5
2,"HUITIUPAN","EJIDO EMILIANO ZAPATA",562,10,5
2,"HUITIUPAN","EJIDO EMILIANO ZAPATA",562,11,5
2,"HUITIUPAN","EJIDO EMILIANO ZAPATA",562,12,5
2,"HUITIUPAN","EJIDO EMILIANO ZAPATA",562,13,5
2,"HUITIUPAN","EJIDO EMILIANO ZAPATA",562,14,5
2,"HUITIUPAN","EJIDO EMILIANO ZAPATA",562,15,5
2,"HUITIUPAN","EJIDO EMILIANO ZAPATA",562,16,5
2,"HUITIUPAN","EJIDO EMILIANO ZAPATA",562,17,5
2,"HUITIUPAN","EJIDO EMILIANO ZAPATA",562,18,5
2,"HUITIUPAN","EJIDO EMILIANO ZAPATA",562,19,5
2,"HUITIUPAN","EJIDO EMILIANO ZAPATA",562,20,5
2,"HUITIUPAN","EJIDO EMILIANO ZAPATA",562,21,5
2,"HUITIUPAN","EJIDO EMILIANO ZAPATA",562,22,5
2,"HUITIUPAN","EJIDO NUEVA GENERACION EMILIANO ZAPATA",562,1,5
2,"HUITIUPAN","EJIDO NUEVA GENERACION EMILIANO ZAPATA",562,2,5
2,"HUITIUPAN","EJIDO NUEVA GENERACION EMILIANO ZAPATA",562,3,5
2,"HUITIUPAN","EJIDO NUEVA GENERACION EMILIANO ZAPATA",562,4,5
2,"HUITIUPAN","EJIDO NUEVA GENERACION EMILIANO ZAPATA",562,5,5
2,"HUITIUPAN","EJIDO NUEVA GENERACION EMILIANO ZAPATA",562,6,5
2,"HUITIUPAN","EJIDO NUEVA GENERACION EMILIANO ZAPATA",562,7,5
2,"HUITIUPAN","EJIDO NUEVA GENERACION EMILIANO ZAPATA",562,8,5
2,"HUITIUPAN","EJIDO NUEVA GENERACION EMILIANO ZAPATA",562,9,5
2,"HUITIUPAN","EJIDO NUEVA GENERACION EMILIANO ZAPATA",562,10,5
2,"HUITIUPAN","EJIDO NUEVA GENERACION EMILIANO ZAPATA",562,11,5
2,"HUITIUPAN","EJIDO NUEVA GENERACION EMILIANO ZAPATA",562,12,5
2,"HUITIUPAN","EJIDO NUEVA GENERACION EMILIANO ZAPATA",562,13,5
2,"HUITIUPAN","EJIDO NUEVA GENERACION EMILIANO ZAPATA",562,14,5
2,"HUITIUPAN","EJIDO NUEVA GENERACION EMILIANO ZAPATA",562,15,5
2,"HUITIUPAN","EJIDO NUEVA GENERACION EMILIANO ZAPATA",562,16,5
2,"HUITIUPAN","EJIDO NUEVA GENERACION EMILIANO ZAPATA",562,17,5
2,"HUITIUPAN","EJIDO NUEVA GENERACION EMILIANO ZAPATA",562,18,5
2,"HUITIUPAN","EJIDO NUEVA GENERACION EMILIANO ZAPATA",562,19,5
2,"HUITIUPAN","EJIDO NUEVA GENERACION EMILIANO ZAPATA",562,20,5
2,"HUITIUPAN","EJIDO NUEVA GENERACION EMILIANO ZAPATA",562,21,5
2,"HUITIUPAN","EJIDO NUEVA GENERACION EMILIANO ZAPATA",562,22,5
3,"OCOSINGO","OCOSINGO",815,15,5
3,"OCOSINGO","OCOSINGO",815,17,5
3,"OCOSINGO","OCOSINGO",815,28,5
3,"OCOSINGO","OCOSINGO",815,43,5
3,"OCOSINGO","OCOSINGO",815,50,5
3,"OCOSINGO","OCOSINGO",815,61,5
3,"OCOSINGO","OCOSINGO",815,137,5
3,"OCOSINGO","OCOSINGO",816,19,5
3,"OCOSINGO","OCOSINGO",816,94,5
3,"OCOSINGO","OCOSINGO",816,168,5
3,"OCOSINGO","OCOSINGO",816,203,5
3,"OCOSINGO","OCOSINGO",816,254,5
3,"OCOSINGO","OCOSINGO",816,271,5
3,"OCOSINGO","OCOSINGO",816,279,5
3,"OCOSINGO","OCOSINGO",818,6,5
3,"OCOSINGO","OCOSINGO",818,24,5
3,"OCOSINGO","OCOSINGO",818,40,5
3,"OCOSINGO","OCOSINGO",818,45,5
3,"OCOSINGO","OCOSINGO",818,56,5
3,"OCOSINGO","OCOSINGO",818,92,5
3,"OCOSINGO","OCOSINGO",818,93,5
3,"OCOSINGO","OCOSINGO",819,17,5
3,"OCOSINGO","OCOSINGO",819,70,5
3,"OCOSINGO","OCOSINGO",819,94,5
3,"OCOSINGO","OCOSINGO",819,98,5
3,"OCOSINGO","OCOSINGO",819,115,5
3,"OCOSINGO","OCOSINGO",819,161,5
3,"OCOSINGO","OCOSINGO",819,168,5
3,"OCOSINGO","OCOSINGO",820,1,5
3,"OCOSINGO","OCOSINGO",820,113,5
3,"OCOSINGO","OCOSINGO",820,114,5
3,"OCOSINGO","OCOSINGO",820,144,5
3,"OCOSINGO","OCOSINGO",820,165,5
3,"OCOSINGO","OCOSINGO",820,268,5
3,"OCOSINGO","OCOSINGO",820,289,5
3,"OCOSINGO","SAN MARCOS",837,1,5
3,"OCOSINGO","SAN MARCOS",837,3,5
3,"OCOSINGO","SAN MARCOS",837,4,5
3,"OCOSINGO","SAN MARCOS",837,5,5
3,"OCOSINGO","SAN MARCOS",837,6,5
3,"OCOSINGO","SAN MARCOS",837,8,5
3,"OCOSINGO","SAN MARCOS",837,9,5
3,"OCOSINGO","SAN MARCOS",837,10,5
3,"OCOSINGO","SAN MARCOS",837,11,5
3,"OCOSINGO","SAN MARCOS",837,12,5
3,"OCOSINGO","SAN MARCOS",837,13,5
3,"OCOSINGO","SAN MARCOS",837,14,5
4,"MEZCALAPA","SANTOS DEGOLLADOS",1414,1,5
4,"MEZCALAPA","SANTOS DEGOLLADOS",1414,2,5
4,"MEZCALAPA","SANTOS DEGOLLADOS",1414,3,5
4,"MEZCALAPA","SANTOS DEGOLLADOS",1414,4,5
4,"MEZCALAPA","SANTOS DEGOLLADOS",1414,5,5
4,"MEZCALAPA","SANTOS DEGOLLADOS",1414,6,5
4,"MEZCALAPA","SANTOS DEGOLLADOS",1414,7,5
4,"MEZCALAPA","SANTOS DEGOLLADOS",1414,8,5
4,"MEZCALAPA","SANTOS DEGOLLADOS",1414,9,5
4,"MEZCALAPA","SANTOS DEGOLLADOS",1414,10,5
4,"MEZCALAPA","SANTOS DEGOLLADOS",1414,11,5
4,"MEZCALAPA","SANTOS DEGOLLADOS",1414,12,5
4,"MEZCALAPA","SANTOS DEGOLLADOS",1414,13,5
4,"MEZCALAPA","SANTOS DEGOLLADOS",1414,14,5
4,"MEZCALAPA","SANTOS DEGOLLADOS",1414,15,5
4,"REFORMA","REFORMA",1053,9,5
4,"REFORMA","REFORMA",1053,10,5
4,"REFORMA","REFORMA",1053,22,5
4,"REFORMA","REFORMA",1053,30,5
4,"REFORMA","REFORMA",1053,31,5
4,"REFORMA","REFORMA",1053,34,5
4,"REFORMA","REFORMA",1054,3,5
4,"REFORMA","REFORMA",1054,4,5
4,"REFORMA","REFORMA",1054,6,5
4,"REFORMA","REFORMA",1054,7,5
4,"REFORMA","REFORMA",1054,12,5
4,"REFORMA","REFORMA",1054,13,5
4,"REFORMA","REFORMA",1055,2,5
4,"REFORMA","REFORMA",1055,4,5
4,"REFORMA","REFORMA",1055,5,5
4,"REFORMA","REFORMA",1055,31,5
4,"REFORMA","REFORMA",1055,38,5
4,"REFORMA","REFORMA",1055,55,5
4,"REFORMA","REFORMA",1058,29,5
4,"REFORMA","REFORMA",1058,30,5
4,"REFORMA","REFORMA",1058,33,5
4,"REFORMA","REFORMA",1058,40,5
4,"REFORMA","REFORMA",1058,42,5
4,"REFORMA","REFORMA",1058,47,5
4,"REFORMA","REFORMA",1060,1,5
4,"REFORMA","REFORMA",1060,3,5
4,"REFORMA","REFORMA",1060,10,5
4,"REFORMA","REFORMA",1060,24,5
4,"REFORMA","REFORMA",1060,32,5
4,"REFORMA","REFORMA",1060,35,5
4,"REFORMA","REFORMA",1061,4,5
4,"REFORMA","REFORMA",1061,7,5
4,"REFORMA","REFORMA",1061,8,5
4,"REFORMA","REFORMA",1061,9,5
4,"REFORMA","REFORMA",1061,15,5
4,"REFORMA","REFORMA",1061,28,5
4,"REFORMA","REFORMA",1062,3,5
4,"REFORMA","REFORMA",1062,6,5
4,"REFORMA","REFORMA",1062,18,5
4,"REFORMA","REFORMA",1062,70,5
4,"REFORMA","REFORMA",1062,82,5
4,"REFORMA","REFORMA",1062,88,5
5,"SAN CRISTOBAL DE LAS CASAS","SAN CRISTOBAL DE LAS CASAS",1118,2,5
5,"SAN CRISTOBAL DE LAS CASAS","SAN CRISTOBAL DE LAS CASAS",1118,7,5
5,"SAN CRISTOBAL DE LAS CASAS","SAN CRISTOBAL DE LAS CASAS",1118,40,5
5,"SAN CRISTOBAL DE LAS CASAS","SAN CRISTOBAL DE LAS CASAS",1118,42,5
5,"SAN CRISTOBAL DE LAS CASAS","SAN CRISTOBAL DE LAS CASAS",1118,46,5
5,"SAN CRISTOBAL DE LAS CASAS","SAN CRISTOBAL DE LAS CASAS",1118,47,5
5,"SAN CRISTOBAL DE LAS CASAS","SAN CRISTOBAL DE LAS CASAS",1118,53,5
5,"SAN CRISTOBAL DE LAS CASAS","SAN CRISTOBAL DE LAS CASAS",1126,1,5
5,"SAN CRISTOBAL DE LAS CASAS","SAN CRISTOBAL DE LAS CASAS",1126,2,5
5,"SAN CRISTOBAL DE LAS CASAS","SAN CRISTOBAL DE LAS CASAS",1126,7,5
5,"SAN CRISTOBAL DE LAS CASAS","SAN CRISTOBAL DE LAS CASAS",1126,17,5
5,"SAN CRISTOBAL DE LAS CASAS","SAN CRISTOBAL DE LAS CASAS",1126,18,5
5,"SAN CRISTOBAL DE LAS CASAS","SAN CRISTOBAL DE LAS CASAS",1126,50,5
5,"SAN CRISTOBAL DE LAS CASAS","SAN CRISTOBAL DE LAS CASAS",1126,51,5
5,"SAN CRISTOBAL DE LAS CASAS","SAN CRISTOBAL DE LAS CASAS",1132,17,5
5,"SAN CRISTOBAL DE LAS CASAS","SAN CRISTOBAL DE LAS CASAS",1132,18,5
5,"SAN CRISTOBAL DE LAS CASAS","SAN CRISTOBAL DE LAS CASAS",1132,34,5
5,"SAN CRISTOBAL DE LAS CASAS","SAN CRISTOBAL DE LAS CASAS",1132,59,5
5,"SAN CRISTOBAL DE LAS CASAS","SAN CRISTOBAL DE LAS CASAS",1132,61,5
5,"SAN CRISTOBAL DE LAS CASAS","SAN CRISTOBAL DE LAS CASAS",1132,62,5
5,"SAN CRISTOBAL DE LAS CASAS","SAN CRISTOBAL DE LAS CASAS",1132,64,5
5,"SAN CRISTOBAL DE LAS CASAS","SAN CRISTOBAL DE LAS CASAS",1135,1,5
5,"SAN CRISTOBAL DE LAS CASAS","SAN CRISTOBAL DE LAS CASAS",1135,3,5
5,"SAN CRISTOBAL DE LAS CASAS","SAN CRISTOBAL DE LAS CASAS",1135,6,5
5,"SAN CRISTOBAL DE LAS CASAS","SAN CRISTOBAL DE LAS CASAS",1135,8,5
5,"SAN CRISTOBAL DE LAS CASAS","SAN CRISTOBAL DE LAS CASAS",1135,9,5
5,"SAN CRISTOBAL DE LAS CASAS","SAN CRISTOBAL DE LAS CASAS",1135,25,5
5,"SAN CRISTOBAL DE LAS CASAS","SAN CRISTOBAL DE LAS CASAS",1135,44,5
5,"ZINACANTAN","YAALTZI",1929,1,5
5,"ZINACANTAN","YAALTZI",1929,2,5
5,"ZINACANTAN","YAALTZI",1929,3,5
5,"ZINACANTAN","YAALTZI",1929,4,5
5,"ZINACANTAN","YAALTZI",1929,5,5
5,"ZINACANTAN","YAALTZI",1929,6,5
5,"ZINACANTAN","YAALTZI",1929,7,5
5,"ZINACANTAN","YAALTZI",1929,8,5
5,"ZINACANTAN","YAALTZI",1929,9,5
5,"ZINACANTAN","YAALTZI",1929,10,5
5,"ZINACANTAN","YAALTZI",1929,11,5
6,"ACALA","ACALA",7,8,5
6,"ACALA","ACALA",7,27,5
6,"ACALA","ACALA",7,28,5
6,"ACALA","ACALA",7,47,5
6,"ACALA","ACALA",7,53,5
6,"ACALA","ACALA",7,58,5
6,"ACALA","ACALA",8,18,5
6,"ACALA","ACALA",8,30,5
6,"ACALA","ACALA",8,42,5
6,"ACALA","ACALA",8,61,5
6,"ACALA","ACALA",8,63,5
6,"ACALA","ACALA",8,72,5
6,"ACALA","ACALA",9,38,5
6,"ACALA","ACALA",9,71,5
6,"ACALA","ACALA",9,80,5
6,"ACALA","ACALA",9,98,5
6,"ACALA","ACALA",9,102,5
6,"ACALA","ACALA",9,103,5
6,"ACALA","ACALA",10,5,5
6,"ACALA","ACALA",10,6,5
6,"ACALA","ACALA",10,12,5
6,"ACALA","ACALA",10,60,5
6,"ACALA","ACALA",10,61,5
6,"ACALA","ACALA",10,69,5
6,"ACALA","ACALA",11,15,5
6,"ACALA","ACALA",11,25,5
6,"ACALA","ACALA",11,35,5
6,"ACALA","ACALA",11,61,5
6,"ACALA","ACALA",11,73,5
6,"ACALA","ACALA",11,85,5
6,"ACALA","ACALA",12,13,5
6,"ACALA","ACALA",12,23,5
6,"ACALA","ACALA",12,25,5
6,"ACALA","ACALA",12,32,5
6,"ACALA","ACALA",12,37,5
6,"ACALA","ACALA",12,38,5
6,"ACALA","ACALA",13,7,5
6,"ACALA","ACALA",13,23,5
6,"ACALA","ACALA",13,30,5
6,"ACALA","ACALA",13,36,5
6,"ACALA","ACALA",13,42,5
6,"ACALA","ACALA",13,47,5
6,"TUXTLA GUTIERREZ","TUXTLA GUTIERREZ",1639,1,5
6,"TUXTLA GUTIERREZ","TUXTLA GUTIERREZ",1639,8,5
6,"TUXTLA GUTIERREZ","TUXTLA GUTIERREZ",1639,10,5
6,"TUXTLA GUTIERREZ","TUXTLA GUTIERREZ",1639,19,5
6,"TUXTLA GUTIERREZ","TUXTLA GUTIERREZ",1639,32,5
6,"TUXTLA GUTIERREZ","TUXTLA GUTIERREZ",1639,33,5
6,"TUXTLA GUTIERREZ","TUXTLA GUTIERREZ",1641,21,5
6,"TUXTLA GUTIERREZ","TUXTLA GUTIERREZ",1641,37,5
6,"TUXTLA GUTIERREZ","TUXTLA GUTIERREZ",1641,52,5
6,"TUXTLA GUTIERREZ","TUXTLA GUTIERREZ",1641,77,5
6,"TUXTLA GUTIERREZ","TUXTLA GUTIERREZ",1641,82,5
6,"TUXTLA GUTIERREZ","TUXTLA GUTIERREZ",1641,91,5
6,"TUXTLA GUTIERREZ","TUXTLA GUTIERREZ",1701,5,5
6,"TUXTLA GUTIERREZ","TUXTLA GUTIERREZ",1701,17,5
6,"TUXTLA GUTIERREZ","TUXTLA GUTIERREZ",1701,38,5
6,"TUXTLA GUTIERREZ","TUXTLA GUTIERREZ",1701,47,5
6,"TUXTLA GUTIERREZ","TUXTLA GUTIERREZ",1701,48,5
6,"TUXTLA GUTIERREZ","TUXTLA GUTIERREZ",1701,52,5
6,"TUXTLA GUTIERREZ","TUXTLA GUTIERREZ",1730,11,5
6,"TUXTLA GUTIERREZ","TUXTLA GUTIERREZ",1730,16,5
6,"TUXTLA GUTIERREZ","TUXTLA GUTIERREZ",1730,18,5
6,"TUXTLA GUTIERREZ","TUXTLA GUTIERREZ",1730,23,5
6,"TUXTLA GUTIERREZ","TUXTLA GUTIERREZ",1730,28,5
6,"TUXTLA GUTIERREZ","TUXTLA GUTIERREZ",1730,42,5
6,"TUXTLA GUTIERREZ","TUXTLA GUTIERREZ",1731,5,5
6,"TUXTLA GUTIERREZ","TUXTLA GUTIERREZ",1731,63,5
6,"TUXTLA GUTIERREZ","TUXTLA GUTIERREZ",1731,67,5
6,"TUXTLA GUTIERREZ","TUXTLA GUTIERREZ",1731,71,5
6,"TUXTLA GUTIERREZ","TUXTLA GUTIERREZ",1731,75,5
6,"TUXTLA GUTIERREZ","TUXTLA GUTIERREZ",1731,96,5
6,"TUXTLA GUTIERREZ","TUXTLA GUTIERREZ",1733,12,5
6,"TUXTLA GUTIERREZ","TUXTLA GUTIERREZ",1733,14,5
6,"TUXTLA GUTIERREZ","TUXTLA GUTIERREZ",1733,17,5
6,"TUXTLA GUTIERREZ","TUXTLA GUTIERREZ",1733,20,5
6,"TUXTLA GUTIERREZ","TUXTLA GUTIERREZ",1733,23,5
6,"TUXTLA GUTIERREZ","TUXTLA GUTIERREZ",1733,26,5
6,"TUXTLA GUTIERREZ","TUXTLA GUTIERREZ",1749,2,5
6,"TUXTLA GUTIERREZ","TUXTLA GUTIERREZ",1749,22,5
6,"TUXTLA GUTIERREZ","TUXTLA GUTIERREZ",1749,49,5
6,"TUXTLA GUTIERREZ","TUXTLA GUTIERREZ",1749,60,5
6,"TUXTLA GUTIERREZ","TUXTLA GUTIERREZ",1749,84,5
6,"TUXTLA GUTIERREZ","TUXTLA GUTIERREZ",1749,92,5
8,"COMITAN DE DOMINGUEZ","COMITAN DE DOMINGUEZ",240,8,5
8,"COMITAN DE DOMINGUEZ","COMITAN DE DOMINGUEZ",240,22,5
8,"COMITAN DE DOMINGUEZ","COMITAN DE DOMINGUEZ",240,29,5
8,"COMITAN DE DOMINGUEZ","COMITAN DE DOMINGUEZ",240,41,5
8,"COMITAN DE DOMINGUEZ","COMITAN DE DOMINGUEZ",240,42,5
8,"COMITAN DE DOMINGUEZ","COMITAN DE DOMINGUEZ",240,47,5
8,"COMITAN DE DOMINGUEZ","COMITAN DE DOMINGUEZ",247,13,5
8,"COMITAN DE DOMINGUEZ","COMITAN DE DOMINGUEZ",247,14,5
8,"COMITAN DE DOMINGUEZ","COMITAN DE DOMINGUEZ",247,16,5
8,"COMITAN DE DOMINGUEZ","COMITAN DE DOMINGUEZ",247,20,5
8,"COMITAN DE DOMINGUEZ","COMITAN DE DOMINGUEZ",247,22,5
8,"COMITAN DE DOMINGUEZ","COMITAN DE DOMINGUEZ",247,27,5
8,"COMITAN DE DOMINGUEZ","COMITAN DE DOMINGUEZ",249,6,5
8,"COMITAN DE DOMINGUEZ","COMITAN DE DOMINGUEZ",249,8,5
8,"COMITAN DE DOMINGUEZ","COMITAN DE DOMINGUEZ",249,35,5
8,"COMITAN DE DOMINGUEZ","COMITAN DE DOMINGUEZ",249,45,5
8,"COMITAN DE DOMINGUEZ","COMITAN DE DOMINGUEZ",249,77,5
8,"COMITAN DE DOMINGUEZ","COMITAN DE DOMINGUEZ",249,79,5
8,"COMITAN DE DOMINGUEZ","COMITAN DE DOMINGUEZ",254,1,5
8,"COMITAN DE DOMINGUEZ","COMITAN DE DOMINGUEZ",254,2,5
8,"COMITAN DE DOMINGUEZ","COMITAN DE DOMINGUEZ",254,11,5
8,"COMITAN DE DOMINGUEZ","COMITAN DE DOMINGUEZ",254,13,5
8,"COMITAN DE DOMINGUEZ","COMITAN DE DOMINGUEZ",254,14,5
8,"COMITAN DE DOMINGUEZ","COMITAN DE DOMINGUEZ",254,18,5
8,"COMITAN DE DOMINGUEZ","COMITAN DE DOMINGUEZ",260,24,5
8,"COMITAN DE DOMINGUEZ","COMITAN DE DOMINGUEZ",260,81,5
8,"COMITAN DE DOMINGUEZ","COMITAN DE DOMINGUEZ",260,156,5
8,"COMITAN DE DOMINGUEZ","COMITAN DE DOMINGUEZ",260,166,5
8,"COMITAN DE DOMINGUEZ","COMITAN DE DOMINGUEZ",260,171,5
8,"COMITAN DE DOMINGUEZ","COMITAN DE DOMINGUEZ",260,374,5
8,"COMITAN DE DOMINGUEZ","COMITAN DE DOMINGUEZ",267,3,5
8,"COMITAN DE DOMINGUEZ","COMITAN DE DOMINGUEZ",267,8,5
8,"COMITAN DE DOMINGUEZ","COMITAN DE DOMINGUEZ",267,27,5
8,"COMITAN DE DOMINGUEZ","COMITAN DE DOMINGUEZ",267,58,5
8,"COMITAN DE DOMINGUEZ","COMITAN DE DOMINGUEZ",267,76,5
8,"COMITAN DE DOMINGUEZ","COMITAN DE DOMINGUEZ",267,89,5
8,"LA TRINITARIA","HIDALGO",1544,1,5
8,"LA TRINITARIA","HIDALGO",1544,3,5
8,"LA TRINITARIA","HIDALGO",1544,8,5
8,"LA TRINITARIA","HIDALGO",1544,13,5
8,"LA TRINITARIA","HIDALGO",1544,22,5
8,"LA TRINITARIA","HIDALGO",1544,24,5
8,"LA TRINITARIA","HIDALGO",1544,31,5
8,"LA TRINITARIA","HIDALGO",1544,32,5
8,"LA TRINITARIA","HIDALGO",1544,34,5
8,"LA TRINITARIA","HIDALGO",1544,39,5
8,"LA TRINITARIA","HIDALGO",1544,46,5
8,"LA TRINITARIA","HIDALGO",1544,47,5
8,"LA TRINITARIA","HIDALGO",1544,48,5
8,"LA TRINITARIA","HIDALGO",1544,50,5
8,"LA TRINITARIA","HIDALGO",1544,51,5
8,"LA TRINITARIA","HIDALGO",1544,53,5
8,"LA TRINITARIA","HIDALGO",1544,57,5
8,"LA TRINITARIA","HIDALGO",1544,59,5
8,"LA TRINITARIA","HIDALGO",1544,60,5
8,"LA TRINITARIA","HIDALGO",1544,61,5
8,"LA TRINITARIA","HIDALGO",1544,65,5
8,"LA TRINITARIA","HIDALGO",1544,68,5
8,"LA TRINITARIA","HIDALGO",1544,71,5
8,"LA TRINITARIA","HIDALGO",1544,82,5
8,"LA TRINITARIA","HIDALGO",1544,85,5
8,"LA TRINITARIA","HIDALGO",1544,89,5
8,"LA TRINITARIA","HIDALGO",1544,91,5
8,"LA TRINITARIA","HIDALGO",1544,105,5
8,"LA TRINITARIA","HIDALGO",1544,107,5
8,"LA TRINITARIA","HIDALGO",1544,108,5
8,"LA TRINITARIA","HIDALGO",1544,112,5
8,"LA TRINITARIA","HIDALGO",1544,115,5
8,"LA TRINITARIA","HIDALGO",1544,116,5
8,"LA TRINITARIA","HIDALGO",1544,119,5
8,"LA TRINITARIA","HIDALGO",1544,122,5
8,"LA TRINITARIA","HIDALGO",1544,124,5
8,"LA TRINITARIA","HIDALGO",1544,126,5
9,"TUXTLA GUTIERREZ","TUXTLA GUTIERREZ",1615,4,5
9,"TUXTLA GUTIERREZ","TUXTLA GUTIERREZ",1615,5,5
9,"TUXTLA GUTIERREZ","TUXTLA GUTIERREZ",1615,19,5
9,"TUXTLA GUTIERREZ","TUXTLA GUTIERREZ",1615,37,5
9,"TUXTLA GUTIERREZ","TUXTLA GUTIERREZ",1615,66,5
9,"TUXTLA GUTIERREZ","TUXTLA GUTIERREZ",1615,76,5
9,"TUXTLA GUTIERREZ","TUXTLA GUTIERREZ",1632,1,5
9,"TUXTLA GUTIERREZ","TUXTLA GUTIERREZ",1632,3,5
9,"TUXTLA GUTIERREZ","TUXTLA GUTIERREZ",1632,6,5
9,"TUXTLA GUTIERREZ","TUXTLA GUTIERREZ",1632,8,5
9,"TUXTLA GUTIERREZ","TUXTLA GUTIERREZ",1632,9,5
9,"TUXTLA GUTIERREZ","TUXTLA GUTIERREZ",1632,11,5
9,"TUXTLA GUTIERREZ","TUXTLA GUTIERREZ",1647,10,5
9,"TUXTLA GUTIERREZ","TUXTLA GUTIERREZ",1647,14,5
9,"TUXTLA GUTIERREZ","TUXTLA GUTIERREZ",1647,20,5
9,"TUXTLA GUTIERREZ","TUXTLA GUTIERREZ",1647,23,5
9,"TUXTLA GUTIERREZ","TUXTLA GUTIERREZ",1647,40,5
9,"TUXTLA GUTIERREZ","TUXTLA GUTIERREZ",1647,41,5
9,"TUXTLA GUTIERREZ","TUXTLA GUTIERREZ",1692,19,5
9,"TUXTLA GUTIERREZ","TUXTLA GUTIERREZ",1692,20,5
9,"TUXTLA GUTIERREZ","TUXTLA GUTIERREZ",1692,21,5
9,"TUXTLA GUTIERREZ","TUXTLA GUTIERREZ",1692,23,5
9,"TUXTLA GUTIERREZ","TUXTLA GUTIERREZ",1692,24,5
9,"TUXTLA GUTIERREZ","TUXTLA GUTIERREZ",1692,26,5
9,"TUXTLA GUTIERREZ","TUXTLA GUTIERREZ",1707,4,5
9,"TUXTLA GUTIERREZ","TUXTLA GUTIERREZ",1707,17,5
9,"TUXTLA GUTIERREZ","TUXTLA GUTIERREZ",1707,20,5
9,"TUXTLA GUTIERREZ","TUXTLA GUTIERREZ",1707,26,5
9,"TUXTLA GUTIERREZ","TUXTLA GUTIERREZ",1707,40,5
9,"TUXTLA GUTIERREZ","TUXTLA GUTIERREZ",1707,50,5
9,"TUXTLA GUTIERREZ","TUXTLA GUTIERREZ",2028,27,5
9,"TUXTLA GUTIERREZ","TUXTLA GUTIERREZ",2028,28,5
9,"TUXTLA GUTIERREZ","TUXTLA GUTIERREZ",2028,33,5
9,"TUXTLA GUTIERREZ","TUXTLA GUTIERREZ",2028,63,5
9,"TUXTLA GUTIERREZ","TUXTLA GUTIERREZ",2028,75,5
9,"TUXTLA GUTIERREZ","TUXTLA GUTIERREZ",2028,82,5
9,"TUXTLA GUTIERREZ","TUXTLA GUTIERREZ",2030,1,5
9,"TUXTLA GUTIERREZ","TUXTLA GUTIERREZ",2030,2,5
9,"TUXTLA GUTIERREZ","TUXTLA GUTIERREZ",2030,3,5
9,"TUXTLA GUTIERREZ","TUXTLA GUTIERREZ",2030,5,5
9,"TUXTLA GUTIERREZ","TUXTLA GUTIERREZ",2030,6,5
9,"TUXTLA GUTIERREZ","TUXTLA GUTIERREZ",2030,8,5
10,"CINTALAPA","CINTALAPA",198,2,5
10,"CINTALAPA","CINTALAPA",198,16,5
10,"CINTALAPA","CINTALAPA",198,19,5
10,"CINTALAPA","CINTALAPA",198,20,5
10,"CINTALAPA","CINTALAPA",198,28,5
10,"CINTALAPA","CINTALAPA",198,32,5
10,"CINTALAPA","CINTALAPA",199,6,5
10,"CINTALAPA","CINTALAPA",199,23,5
10,"CINTALAPA","CINTALAPA",199,35,5
10,"CINTALAPA","CINTALAPA",199,36,5
10,"CINTALAPA","CINTALAPA",199,37,5
10,"CINTALAPA","CINTALAPA",199,46,5
10,"CINTALAPA","CINTALAPA",203,1,5
10,"CINTALAPA","CINTALAPA",203,12,5
10,"CINTALAPA","CINTALAPA",203,23,5
10,"CINTALAPA","CINTALAPA",203,25,5
10,"CINTALAPA","CINTALAPA",203,28,5
10,"CINTALAPA","CINTALAPA",203,30,5
10,"CINTALAPA","CINTALAPA",204,7,5
10,"CINTALAPA","CINTALAPA",204,9,5
10,"CINTALAPA","CINTALAPA",204,15,5
10,"CINTALAPA","CINTALAPA",204,27,5
10,"CINTALAPA","CINTALAPA",204,39,5
10,"CINTALAPA","CINTALAPA",204,41,5
10,"CINTALAPA","CINTALAPA",206,18,5
10,"CINTALAPA","CINTALAPA",206,31,5
10,"CINTALAPA","CINTALAPA",206,40,5
10,"CINTALAPA","CINTALAPA",206,43,5
10,"CINTALAPA","CINTALAPA",206,44,5
10,"CINTALAPA","CINTALAPA",206,51,5
10,"CINTALAPA","CINTALAPA",207,9,5
10,"CINTALAPA","CINTALAPA",207,26,5
10,"CINTALAPA","CINTALAPA",207,41,5
10,"CINTALAPA","CINTALAPA",207,42,5
10,"CINTALAPA","CINTALAPA",207,44,5
10,"CINTALAPA","CINTALAPA",207,48,5
10,"CINTALAPA","CINTALAPA",208,13,5
10,"CINTALAPA","CINTALAPA",208,15,5
10,"CINTALAPA","CINTALAPA",208,33,5
10,"CINTALAPA","CINTALAPA",208,43,5
10,"CINTALAPA","CINTALAPA",208,68,5
10,"CINTALAPA","CINTALAPA",208,74,5
10,"EL PARRAL","EL PARRAL",1832,3,5
10,"EL PARRAL","EL PARRAL",1832,7,5
10,"EL PARRAL","EL PARRAL",1832,26,5
10,"EL PARRAL","EL PARRAL",1832,31,5
10,"EL PARRAL","EL PARRAL",1832,36,5
10,"EL PARRAL","EL PARRAL",1832,37,5
10,"EL PARRAL","EL PARRAL",1832,40,5
10,"EL PARRAL","EL PARRAL",1832,63,5
10,"EL PARRAL","EL PARRAL",1832,69,5
10,"EL PARRAL","EL PARRAL",1832,70,5
10,"EL PARRAL","EL PARRAL",1832,77,5
10,"EL PARRAL","EL PARRAL",1833,4,5
10,"EL PARRAL","EL PARRAL",1833,12,5
10,"EL PARRAL","EL PARRAL",1833,31,5
10,"EL PARRAL","EL PARRAL",1833,35,5
10,"EL PARRAL","EL PARRAL",1833,46,5
10,"EL PARRAL","EL PARRAL",1833,48,5
10,"EL PARRAL","EL PARRAL",1833,52,5
10,"EL PARRAL","EL PARRAL",1833,54,5
10,"EL PARRAL","EL PARRAL",1833,60,5
10,"EL PARRAL","EL PARRAL",1833,75,5
10,"EL PARRAL","EL PARRAL",1833,109,5
10,"EL PARRAL","EL PARRAL",1834,8,5
10,"EL PARRAL","EL PARRAL",1834,9,5
10,"EL PARRAL","EL PARRAL",1834,38,5
10,"EL PARRAL","EL PARRAL",1834,57,5
10,"EL PARRAL","EL PARRAL",1834,60,5
10,"EL PARRAL","EL PARRAL",1834,61,5
10,"EL PARRAL","EL PARRAL",1834,66,5
10,"EL PARRAL","EL PARRAL",1834,73,5
10,"EL PARRAL","EL PARRAL",1834,74,5
10,"EL PARRAL","EL PARRAL",1834,88,5
10,"EL PARRAL","EL PARRAL",1834,91,5
10,"EL PARRAL","EL PARRAL",1835,1,5
10,"EL PARRAL","EL PARRAL",1835,2,5
10,"EL PARRAL","EL PARRAL",1835,3,5
10,"EL PARRAL","EL PARRAL",1835,6,5
10,"EL PARRAL","EL PARRAL",1835,17,5
10,"EL PARRAL","EL PARRAL",1835,21,5
10,"EL PARRAL","EL PARRAL",1835,32,5
10,"EL PARRAL","EL PARRAL",1835,39,5
10,"EL PARRAL","EL PARRAL",1835,52,5
10,"EL PARRAL","EL PARRAL",1835,57,5
10,"EL PARRAL","EL PARRAL",1835,59,5
10,"JIQUIPILAS","JIQUIPILAS",638,4,5
10,"JIQUIPILAS","JIQUIPILAS",638,6,5
10,"JIQUIPILAS","JIQUIPILAS",638,8,5
10,"JIQUIPILAS","JIQUIPILAS",638,16,5
10,"JIQUIPILAS","JIQUIPILAS",638,31,5
10,"JIQUIPILAS","JIQUIPILAS",638,32,5
10,"JIQUIPILAS","JIQUIPILAS",638,43,5
10,"JIQUIPILAS","JIQUIPILAS",638,48,5
10,"JIQUIPILAS","JIQUIPILAS",638,66,5
10,"JIQUIPILAS","JIQUIPILAS",639,1,5
10,"JIQUIPILAS","JIQUIPILAS",639,3,5
10,"JIQUIPILAS","JIQUIPILAS",639,24,5
10,"JIQUIPILAS","JIQUIPILAS",639,33,5
10,"JIQUIPILAS","JIQUIPILAS",639,39,5
10,"JIQUIPILAS","JIQUIPILAS",639,57,5
10,"JIQUIPILAS","JIQUIPILAS",639,68,5
10,"JIQUIPILAS","JIQUIPILAS",639,81,5
10,"JIQUIPILAS","JIQUIPILAS",639,102,5
10,"JIQUIPILAS","JIQUIPILAS",640,2,5
10,"JIQUIPILAS","JIQUIPILAS",640,4,5
10,"JIQUIPILAS","JIQUIPILAS",640,6,5
10,"JIQUIPILAS","JIQUIPILAS",640,29,5
10,"JIQUIPILAS","JIQUIPILAS",640,36,5
10,"JIQUIPILAS","JIQUIPILAS",640,43,5
10,"JIQUIPILAS","JIQUIPILAS",640,51,5
10,"JIQUIPILAS","JIQUIPILAS",640,53,5
10,"JIQUIPILAS","JIQUIPILAS",640,58,5
10,"JIQUIPILAS","JIQUIPILAS",641,11,5
10,"JIQUIPILAS","JIQUIPILAS",641,20,5
10,"JIQUIPILAS","JIQUIPILAS",641,24,5
10,"JIQUIPILAS","JIQUIPILAS",641,30,5
10,"JIQUIPILAS","JIQUIPILAS",641,42,5
10,"JIQUIPILAS","JIQUIPILAS",641,48,5
10,"JIQUIPILAS","JIQUIPILAS",641,55,5
10,"JIQUIPILAS","JIQUIPILAS",641,64,5
10,"JIQUIPILAS","JIQUIPILAS",641,68,5
10,"JIQUIPILAS","JIQUIPILAS",642,18,5
10,"JIQUIPILAS","JIQUIPILAS",642,30,5
10,"JIQUIPILAS","JIQUIPILAS",642,39,5
10,"JIQUIPILAS","JIQUIPILAS",642,40,5
10,"JIQUIPILAS","JIQUIPILAS",642,42,5
10,"JIQUIPILAS","JIQUIPILAS",642,56,5
10,"JIQUIPILAS","JIQUIPILAS",642,63,5
10,"JIQUIPILAS","JIQUIPILAS",642,67,5
10,"JIQUIPILAS","JIQUIPILAS",642,79,5
11,"LA INDEPENDENCIA","GALEANA",607,2,5
11,"LA INDEPENDENCIA","GALEANA",607,4,5
11,"LA INDEPENDENCIA","GALEANA",607,5,5
11,"LA INDEPENDENCIA","GALEANA",607,6,5
11,"LA INDEPENDENCIA","GALEANA",607,7,5
11,"LA INDEPENDENCIA","GALEANA",607,8,5
11,"LA INDEPENDENCIA","GALEANA",607,9,5
11,"LA INDEPENDENCIA","GALEANA",607,10,5
11,"LA INDEPENDENCIA","GALEANA",607,13,5
11,"LA INDEPENDENCIA","GALEANA",607,14,5
11,"LA INDEPENDENCIA","GALEANA",607,16,5
11,"LA INDEPENDENCIA","GALEANA",607,17,5
11,"LA INDEPENDENCIA","GALEANA",607,18,5
11,"LA INDEPENDENCIA","GALEANA",607,19,5
11,"LA INDEPENDENCIA","GALEANA",607,20,5
11,"LA INDEPENDENCIA","GALEANA",607,21,5
11,"LA INDEPENDENCIA","GALEANA",607,22,5
11,"LA INDEPENDENCIA","GALEANA",607,23,5
11,"LA INDEPENDENCIA","GALEANA",607,24,5
11,"LA INDEPENDENCIA","GALEANA",607,25,5
11,"LA INDEPENDENCIA","GALEANA",607,26,5
11,"LA INDEPENDENCIA","GALEANA",607,30,5
11,"LA INDEPENDENCIA","GALEANA",607,31,5
11,"LA INDEPENDENCIA","GALEANA",607,32,5
11,"LA INDEPENDENCIA","GALEANA",607,34,5
11,"LA INDEPENDENCIA","GALEANA",607,35,5
11,"LA INDEPENDENCIA","GALEANA",607,36,5
11,"LA INDEPENDENCIA","GALEANA",607,37,5
11,"LA INDEPENDENCIA","GALEANA",607,38,5
11,"LA INDEPENDENCIA","GALEANA",607,39,5
11,"LA INDEPENDENCIA","GALEANA",607,40,5
11,"LA INDEPENDENCIA","GALEANA",607,44,5
11,"LA INDEPENDENCIA","GALEANA",607,45,5
11,"LA INDEPENDENCIA","GALEANA",607,46,5
11,"LA INDEPENDENCIA","GALEANA",607,47,5
11,"LA INDEPENDENCIA","GALEANA",607,48,5
11,"LA INDEPENDENCIA","GALEANA",607,52,5
11,"LA INDEPENDENCIA","RIO BLANCO",610,1,5
11,"LA INDEPENDENCIA","RIO BLANCO",610,2,5
11,"LA INDEPENDENCIA","RIO BLANCO",610,3,5
11,"LA INDEPENDENCIA","RIO BLANCO",610,4,5
11,"LA INDEPENDENCIA","RIO BLANCO",610,6,5
11,"LA INDEPENDENCIA","RIO BLANCO",610,7,5
11,"LA INDEPENDENCIA","RIO BLANCO",610,8,5
11,"LA INDEPENDENCIA","RIO BLANCO",610,9,5
11,"LA INDEPENDENCIA","RIO BLANCO",610,10,5
11,"LA INDEPENDENCIA","RIO BLANCO",610,11,5
11,"LA INDEPENDENCIA","RIO BLANCO",610,13,5
11,"LA INDEPENDENCIA","RIO BLANCO",610,15,5
11,"LA INDEPENDENCIA","RIO BLANCO",610,17,5
11,"LA INDEPENDENCIA","RIO BLANCO",610,18,5
11,"LA INDEPENDENCIA","RIO BLANCO",610,19,5
11,"LA INDEPENDENCIA","RIO BLANCO",610,20,5
11,"LA INDEPENDENCIA","RIO BLANCO",610,21,5
11,"LA INDEPENDENCIA","RIO BLANCO",610,22,5
11,"LA INDEPENDENCIA","RIO BLANCO",610,24,5
11,"LA INDEPENDENCIA","RIO BLANCO",610,25,5
11,"LA INDEPENDENCIA","RIO BLANCO",610,26,5
11,"LA INDEPENDENCIA","RIO BLANCO",610,27,5
11,"LA INDEPENDENCIA","RIO BLANCO",610,29,5
11,"LA INDEPENDENCIA","RIO BLANCO",610,30,5
11,"LA INDEPENDENCIA","RIO BLANCO",610,33,5
11,"LA INDEPENDENCIA","RIO BLANCO",610,34,5
11,"LA INDEPENDENCIA","RIO BLANCO",610,35,5
11,"LA INDEPENDENCIA","RIO BLANCO",610,39,5
11,"LA INDEPENDENCIA","RIO BLANCO",610,42,5
11,"LA INDEPENDENCIA","RIO BLANCO",610,43,5
11,"LA INDEPENDENCIA","RIO BLANCO",610,44,5
11,"LA INDEPENDENCIA","RIO BLANCO",610,45,5
11,"LA INDEPENDENCIA","RIO BLANCO",610,47,5
11,"LA INDEPENDENCIA","RIO BLANCO",610,48,5
11,"LA INDEPENDENCIA","RIO BLANCO",610,49,5
11,"LA INDEPENDENCIA","RIO BLANCO",610,51,5
11,"LA INDEPENDENCIA","RIO BLANCO",610,52,5
12,"TAPACHULA","TAPACHULA",1294,16,5
12,"TAPACHULA","TAPACHULA",1294,31,5
12,"TAPACHULA","TAPACHULA",1294,42,5
12,"TAPACHULA","TAPACHULA",1294,91,5
12,"TAPACHULA","TAPACHULA",1294,95,5
12,"TAPACHULA","TAPACHULA",1294,106,5
12,"TAPACHULA","TAPACHULA",1313,1,5
12,"TAPACHULA","TAPACHULA",1313,5,5
12,"TAPACHULA","TAPACHULA",1313,7,5
12,"TAPACHULA","TAPACHULA",1313,12,5
12,"TAPACHULA","TAPACHULA",1313,13,5
12,"TAPACHULA","TAPACHULA",1313,20,5
12,"TAPACHULA","TAPACHULA",1316,1,5
12,"TAPACHULA","TAPACHULA",1316,4,5
12,"TAPACHULA","TAPACHULA",1316,8,5
12,"TAPACHULA","TAPACHULA",1316,15,5
12,"TAPACHULA","TAPACHULA",1316,16,5
12,"TAPACHULA","TAPACHULA",1316,18,5
12,"TAPACHULA","TAPACHULA",1326,1,5
12,"TAPACHULA","TAPACHULA",1326,7,5
12,"TAPACHULA","TAPACHULA",1326,14,5
12,"TAPACHULA","TAPACHULA",1326,15,5
12,"TAPACHULA","TAPACHULA",1326,17,5
12,"TAPACHULA","TAPACHULA",1326,18,5
12,"TAPACHULA","TAPACHULA",1327,3,5
12,"TAPACHULA","TAPACHULA",1327,11,5
12,"TAPACHULA","TAPACHULA",1327,17,5
12,"TAPACHULA","TAPACHULA",1327,41,5
12,"TAPACHULA","TAPACHULA",1327,51,5
12,"TAPACHULA","TAPACHULA",1327,52,5
12,"TAPACHULA","TAPACHULA",1329,6,5
12,"TAPACHULA","TAPACHULA",1329,9,5
12,"TAPACHULA","TAPACHULA",1329,10,5
12,"TAPACHULA","TAPACHULA",1329,13,5
12,"TAPACHULA","TAPACHULA",1329,14,5
12,"TAPACHULA","TAPACHULA",1329,31,5
12,"TAPACHULA","TAPACHULA",1338,5,5
12,"TAPACHULA","TAPACHULA",1338,11,5
12,"TAPACHULA","TAPACHULA",1338,12,5
12,"TAPACHULA","TAPACHULA",1338,48,5
12,"TAPACHULA","TAPACHULA",1338,53,5
12,"TAPACHULA","TAPACHULA",1338,69,5
12,"TAPACHULA","TAPACHULA",1977,8,5
12,"TAPACHULA","TAPACHULA",1977,12,5
12,"TAPACHULA","TAPACHULA",1977,14,5
12,"TAPACHULA","TAPACHULA",1977,15,5
12,"TAPACHULA","TAPACHULA",1977,16,5
12,"TAPACHULA","TAPACHULA",1977,18,5
12,"TAPACHULA","TAPACHULA",1995,1,5
12,"TAPACHULA","TAPACHULA",1995,3,5
12,"TAPACHULA","TAPACHULA",1995,8,5
12,"TAPACHULA","TAPACHULA",1995,12,5
12,"TAPACHULA","TAPACHULA",1995,16,5
12,"TAPACHULA","TAPACHULA",1995,17,5
12,"TAPACHULA","VILLA LAS LOMAS",1385,1,5
12,"TAPACHULA","VILLA LAS LOMAS",1385,2,5
12,"TAPACHULA","VILLA LAS LOMAS",1385,3,5
12,"TAPACHULA","VILLA LAS LOMAS",1385,4,5
12,"TAPACHULA","VILLA LAS LOMAS",1385,5,5
12,"TAPACHULA","VILLA LAS LOMAS",1385,6,5
12,"TAPACHULA","VILLA LAS LOMAS",1385,7,5
12,"TAPACHULA","VILLA LAS LOMAS",1385,8,5
12,"TAPACHULA","VILLA LAS LOMAS",1385,9,5
12,"TAPACHULA","VILLA LAS LOMAS",1385,10,5
12,"TAPACHULA","VILLA LAS LOMAS",1385,11,5
12,"TAPACHULA","VILLA LAS LOMAS",1385,12,5
12,"TAPACHULA","VILLA LAS LOMAS",1385,13,5
12,"TAPACHULA","VILLA LAS LOMAS",1385,14,5
12,"TAPACHULA","VILLA LAS LOMAS",1385,15,5
12,"TAPACHULA","VILLA LAS LOMAS",1385,16,5
13,"MAZATAN","BUENOS AIRES",773,3,5
13,"MAZATAN","BUENOS AIRES",773,4,5
13,"MAZATAN","BUENOS AIRES",773,5,5
13,"MAZATAN","BUENOS AIRES",773,7,5
13,"MAZATAN","BUENOS AIRES",773,9,5
13,"MAZATAN","BUENOS AIRES",773,10,5
13,"MAZATAN","BUENOS AIRES",773,14,5
13,"MAZATAN","BUENOS AIRES",773,15,5
13,"MAZATAN","BUENOS AIRES",773,16,5
13,"MAZATAN","BUENOS AIRES",773,18,5
13,"MAZATAN","BUENOS AIRES",773,19,5
13,"MAZATAN","BUENOS AIRES",773,21,5
13,"MAZATAN","BUENOS AIRES",773,22,5
13,"MAZATAN","BUENOS AIRES",773,25,5
13,"MAZATAN","BUENOS AIRES",773,26,5
13,"MAZATAN","BUENOS AIRES",773,27,5
13,"MAZATAN","BUENOS AIRES",773,29,5
13,"MAZATAN","BUENOS AIRES",773,30,5
13,"MAZATAN","BUENOS AIRES",773,31,5
13,"MAZATAN","BUENOS AIRES",773,33,5
13,"MAZATAN","BUENOS AIRES",773,36,5
13,"MAZATAN","BUENOS AIRES",773,40,5
13,"MAZATAN","BUENOS AIRES",773,47,5
13,"MAZATAN","BUENOS AIRES",773,48,5
13,"MAZATAN","BUENOS AIRES",773,56,5
13,"MAZATAN","BUENOS AIRES",773,61,5
13,"MAZATAN","BUENOS AIRES",773,63,5
13,"MAZATAN","BUENOS AIRES",773,67,5
13,"MAZATAN","BUENOS AIRES",774,1,5
13,"MAZATAN","BUENOS AIRES",774,3,5
13,"MAZATAN","BUENOS AIRES",774,6,5
13,"MAZATAN","BUENOS AIRES",774,7,5
13,"MAZATAN","BUENOS AIRES",774,8,5
13,"MAZATAN","BUENOS AIRES",774,9,5
13,"MAZATAN","BUENOS AIRES",774,10,5
13,"MAZATAN","BUENOS AIRES",774,11,5
13,"MAZATAN","BUENOS AIRES",774,13,5
13,"MAZATAN","BUENOS AIRES",774,14,5
13,"MAZATAN","BUENOS AIRES",774,15,5
13,"MAZATAN","BUENOS AIRES",774,16,5
13,"MAZATAN","BUENOS AIRES",774,18,5
13,"MAZATAN","BUENOS AIRES",774,22,5
13,"MAZATAN","BUENOS AIRES",774,24,5
13,"MAZATAN","BUENOS AIRES",774,27,5
13,"MAZATAN","BUENOS AIRES",774,29,5
13,"MAZATAN","BUENOS AIRES",774,30,5
13,"MAZATAN","BUENOS AIRES",774,31,5
13,"MAZATAN","BUENOS AIRES",774,32,5
13,"MAZATAN","BUENOS AIRES",774,35,5
13,"MAZATAN","BUENOS AIRES",774,43,5
13,"MAZATAN","BUENOS AIRES",774,49,5
13,"MAZATAN","BUENOS AIRES",774,54,5
13,"MAZATAN","BUENOS AIRES",774,57,5
13,"MAZATAN","BUENOS AIRES",774,58,5
13,"MAZATAN","BUENOS AIRES",774,61,5
13,"MAZATAN","BUENOS AIRES",774,64,5
13,"MAZATAN","EJIDO EFRAIN A GUTIERREZ",778,2,5
13,"MAZATAN","EJIDO EFRAIN A GUTIERREZ",778,3,5
13,"MAZATAN","EJIDO EFRAIN A GUTIERREZ",778,5,5
13,"MAZATAN","EJIDO EFRAIN A GUTIERREZ",778,6,5
13,"MAZATAN","EJIDO EFRAIN A GUTIERREZ",778,7,5
13,"MAZATAN","EJIDO EFRAIN A GUTIERREZ",778,8,5
13,"MAZATAN","EJIDO EFRAIN A GUTIERREZ",778,9,5
13,"MAZATAN","EJIDO EFRAIN A GUTIERREZ",778,10,5
13,"MAZATAN","EJIDO EFRAIN A GUTIERREZ",778,11,5
13,"MAZATAN","EJIDO EFRAIN A GUTIERREZ",778,12,5
13,"MAZATAN","EJIDO EFRAIN A GUTIERREZ",778,13,5
13,"MAZATAN","EJIDO EFRAIN A GUTIERREZ",778,14,5
13,"MAZATAN","EJIDO EFRAIN A GUTIERREZ",778,15,5
13,"MAZATAN","EJIDO EFRAIN A GUTIERREZ",778,16,5
13,"MAZATAN","EJIDO EFRAIN A GUTIERREZ",778,17,5
13,"MAZATAN","EJIDO EFRAIN A GUTIERREZ",778,18,5
13,"MAZATAN","EJIDO EFRAIN A GUTIERREZ",778,19,5
13,"MAZATAN","EJIDO EFRAIN A GUTIERREZ",778,20,5
13,"MAZATAN","EJIDO EFRAIN A GUTIERREZ",778,21,5
13,"MAZATAN","EJIDO EFRAIN A GUTIERREZ",778,22,5
13,"MAZATAN","EJIDO EFRAIN A GUTIERREZ",778,23,5
13,"MAZATAN","EJIDO EFRAIN A GUTIERREZ",778,24,5
13,"MAZATAN","EJIDO EFRAIN A GUTIERREZ",778,25,5
13,"MAZATAN","EJIDO EFRAIN A GUTIERREZ",778,26,5
13,"MAZATAN","EJIDO EFRAIN A GUTIERREZ",778,27,5
13,"MAZATAN","EJIDO EFRAIN A GUTIERREZ",778,28,5
13,"MAZATAN","EJIDO EFRAIN A GUTIERREZ",778,29,5
13,"MAZATAN","EJIDO EFRAIN A GUTIERREZ",778,30,5
13,"MAZATAN","EJIDO EFRAIN A GUTIERREZ",778,31,5
13,"MAZATAN","EJIDO EFRAIN A GUTIERREZ",778,32,5
13,"MAZATAN","EJIDO EFRAIN A GUTIERREZ",778,33,5
13,"MAZATAN","EJIDO EFRAIN A GUTIERREZ",778,34,5
13,"MAZATAN","EJIDO EFRAIN A GUTIERREZ",778,36,5
13,"MAZATAN","EJIDO EFRAIN A GUTIERREZ",778,37,5
13,"MAZATAN","EJIDO EFRAIN A GUTIERREZ",778,38,5
13,"MAZATAN","EJIDO EFRAIN A GUTIERREZ",778,39,5
13,"MAZATAN","EJIDO EFRAIN A GUTIERREZ",778,40,5
