zoe,melgar,carlos,brito,sasil,era,claudia,marcelo,monreal
,,,,,,MORENA,MORENA,
,,MORENA,,,,,,
,,MORENA,,,,,,
,,,,PVEM,,,MORENA,
,,,,,,,,
,,MORENA,,,,,,
,,,,,,,,MORENA
,,MORENA,,MORENA,MORENA,,,
,,,,,,,,
,,MORENA,,,,,,
,,MORENA,,,,,,
,,MORENA,,,,,,
,,,,,,,,
,,,,,,,,
PVEM,,,,,,MORENA,MORENA,
,,Ns/Nc,,,,,,
,,,MORENA,,PVEM,,,
,,,,,,,,
,,,,,,,,
PRI,,,,,PVEM,MORENA,MORENA,
MORENA,,MORENA,,,,,MORENA,MORENA
,,,,,,,,
,,,,,,,Ns/Nc,
,,PRI,,,PRI,,PAN,
,,,,,,,,
,,,,,,,,
,,,,,,,,
,,,,,,,,
,,,,,,,MORENA,
,,,,,PVEM,,PRI,
,,,,,,,,
,,,,,,,,
,,MORENA,,,,,,
Ns/Nc,,,,,PVEM,,,
,,,,,,,,
,,,,,PRI,MORENA,PRD,
,,,,,,,,
,,,,,,,,
,,,,,,,,
,,,,,,,,
,,,,,,,,
PVEM,PVEM,MORENA,,PVEM,PVEM,PRD,MORENA,MORENA
MORENA,,MORENA,,,MORENA,MORENA,MORENA,MORENA
,,,,,,,,
,,PAN,,,PVEM,MORENA,,
,,,,,,,,
MORENA,PVEM,MORENA,,PRI,MORENA,MORENA,MORENA,MORENA
,,,,,,MORENA,Ns/Nc,Ns/Nc
,,,,,,MORENA,MORENA,MORENA
,,,,,,,,
,,,,,,,,
PRI,,PRI,,PRI,PRI,PRD,PRD,PRI
,,,,,,,,
,,,,,,,,
,,,,,,,,
,,,,,,,,
,,,,,,,,
,,,,,,,,
,,,,,,,,
,,,,,,MORENA,,
,PVEM,MORENA,,,MORENA,,,
,,MORENA,,,,,,
,,MORENA,,,,MORENA,,
,,,,,,,,
,,,,,,,,
PAN,PVEM,MORENA,,PVEM,PVEM,MORENA,MORENA,
MORENA,,MORENA,MORENA,PVEM,PRD,,PRI,PRI
,,Ns/Nc,,,,,Ns/Nc,
,,MORENA,,,,,,
PVEM,,MORENA,,PVEM,PRI,,Ns/Nc,
,,,,,,,,
,,Ns/Nc,,PAN,PRI,MORENA,PRI,
,,,,Ns/Nc,,,,
PRI,,,,PVEM,,,,
,,PT,,PANAL,,,,
,,,,,,,,
,,,,,,,,
,,,,,,MORENA,MORENA,
MORENA,,MORENA,,,,,,
,,,,,,,,
,,MORENA,,,,,,
,,,,,,,,
,,,,,,,,
,,MORENA,,,,,,
,,,,,,,,
PT,PVEM,MORENA,MORENA,,,MORENA,MORENA,MORENA
,,,,,,,MORENA,
,,,,,,,,
,,,,,,,PAN,
,,PRD,,,,,,
,,,,,,,,
,,,,,,,,
,,,,,,,,
PRI,,MORENA,,,PVEM,PAN,PAN,
,,,,,,,,
,,,,,,,,
,,PRD,,,,PRD,PRD,
,,PRD,PVEM,,,Ns/Nc,,
,,,,,,,,
,,,,,,,,
MORENA,,MORENA,,,,MORENA,MORENA,
,,,,,,,,
PVEM,,,,,,,,
PVEM,,MORENA,,PVEM,,,,
,,,,,,,MORENA,
,,,,Ns/Nc,,,,
,,MC,,,,,,
,,,,,,,,
,,,,,,,,
,,,,,,,PRI,
PRI,,MORENA,,,,,MORENA,
MORENA,,,,,,MORENA,MORENA,
,,PRI,,,,MORENA,,
,,,,,,,,
Ns/Nc,,,,,,,,
,,,,,MORENA,MORENA,MORENA,
,,MORENA,,,PVEM,,PRD,
,,,,,,,,
,,,,,,,,PRD
,,,,,,,,
,,,,,,,,PRI
,,,,,,MORENA,,MORENA
,,,,,,,,
,,,,,,,,
,,,,,,,,
,,,,,PRI,,,
,,,,,,,,
,,,,,,,,
,,MORENA,,,,,,
MORENA,,MORENA,,,,,MORENA,MORENA
,,,,,,MORENA,MORENA,MORENA
,,,,,,,,
,,,,,,,,
,,,,,,,,
PRD,PVEM,PRD,PRI,PRI,PVEM,MORENA,PRD,PRI
,,MORENA,,,,,,
PAN,,MORENA,,PRD,,,,
,,,,,,,,
,,MORENA,,,,MORENA,Ns/Nc,
,,MORENA,,,,,,
,,MORENA,,,,MORENA,PRI,
MORENA,,MORENA,,,,,,
,,,,,,MORENA,,
,,MORENA,,,MORENA,MORENA,MORENA,MORENA
MORENA,,MORENA,MORENA,PES,PVEM,MORENA,MORENA,MORENA
MORENA,MORENA,MORENA,MORENA,,MORENA,MORENA,MORENA,MORENA
,,PVEM,,,,PRD,MORENA,
MORENA,,MORENA,,,PVEM,MORENA,MORENA,
PVEM,PRI,MORENA,,PVEM,PVEM,MORENA,PRD,PRI
MORENA,PVEM,PRD,PVEM,PVEM,PVEM,MORENA,MORENA,MORENA
MORENA,PVEM,MORENA,MORENA,PVEM,MORENA,MORENA,MORENA,MORENA
,,,,,,MORENA,,
,,,,,,,,
MORENA,PRI,MORENA,,PVEM,PVEM,MORENA,MORENA,
,,,,,,MORENA,MORENA,
,,,,,,,,
,,,,,,,,
,,,,,,,,
,,MORENA,,,,MORENA,MORENA,MORENA
,,PRI,,,PRI,,PRI,
,,,,,,MORENA,MORENA,
MORENA,,,,PVEM,MORENA,MORENA,,
,,,,,,,,
,,Ns/Nc,,,,,,
,,,,,,,,
PVEM,,,,,,MORENA,,
,,,,,,,,
,,MORENA,,,,,,
,,,,,,,,
,,,,,,,,
,,,,,,,,
,,,,,,,,
,,,,,,,,
,,,,,,,MORENA,
,,,,,,,MORENA,
,,,,,,,,
,,PRI,,,,,,
MORENA,,PRD,Ns/Nc,PVEM,PVEM,,,PRI
,,PT,,PVEM,PVEM,,PRD,
PRI,,PRD,,MORENA,PVEM,MORENA,MORENA,
,,PRD,,,,MORENA,MORENA,
MORENA,PVEM,MORENA,,PVEM,PVEM,MORENA,MORENA,MORENA
,,MORENA,,,MORENA,MORENA,MORENA,
,,,,,PRI,,,
,,MORENA,,,PVEM,,,
,,MORENA,,,,,,
,,MORENA,,PVEM,PRD,,,
,,Ns/Nc,,,Ns/Nc,Ns/Nc,Ns/Nc,
MORENA,,MORENA,,PES,PVEM,,,
,,,,,,,,
,,,,,,,,
,,PT,,,,,,
,,MORENA,PAN,,MORENA,MORENA,MORENA,MORENA
,,MORENA,,,,,,
MORENA,,MORENA,,MORENA,MORENA,MORENA,,
PAN,,,,PT,,Ns/Nc,Ns/Nc,
,,MORENA,,,,MORENA,,
,,,,,,,,
MORENA,,MORENA,MORENA,,MORENA,MORENA,MORENA,MORENA
,,MORENA,,,,,,
MORENA,,,,,MORENA,,,
,,MORENA,,,,,,
,MORENA,,,,,,,
PRI,,MORENA,,,,PRI,PRD,
,,MORENA,,PRI,,,,
,,MORENA,,,,MORENA,MORENA,
,,PRI,,,PRI,,,
,,,,,,MORENA,Ns/Nc,
,,,,,,,,
PAN,,MORENA,MORENA,,PVEM,,,
,,,,,,,,
Ns/Nc,,Ns/Nc,,,PRD,Ns/Nc,MORENA,PRD
,,MORENA,,PVEM,PVEM,,,
,,,,,,,,
,,MORENA,,,,,PRI,
,,,,,,,,
,,,,,,,,
,,MORENA,,,,,,
,,MORENA,,,,,,MORENA
,,,,,,,,
,,,,,,,,
,,,,,,,MORENA,
,,MORENA,,,,,,
,,,,,,,,
,,,,,,,,
,,,,,,,,
,,,,,,,,
,,MORENA,,,,,,
,,MORENA,,PAN,,MORENA,,
,,MORENA,,,,,,
,,MORENA,,,,,,
PRI,,MORENA,MORENA,MORENA,MORENA,MORENA,,
,,MORENA,,,,,,
MORENA,,,,,,MORENA,MORENA,MORENA
PRI,,PRI,,,,MORENA,MORENA,
,,,,,,,,
,,,,,,,,
,,,,,,,,
,,,,,,MORENA,,
,,,,,,MORENA,MORENA,
,,,,,,,,
,,,,,,,,
,,,,,,,,
,,,,,,,,
MORENA,,,,,,MORENA,MORENA,
,,,,,,,Ns/Nc,Ns/Nc
,,,,,,,,
,PVEM,,,,,MORENA,MORENA,
,,,,,,,,
,,,,,,,,
,,,,,,,,
MORENA,,,,,MORENA,MORENA,PRI,MORENA
,,,,,,,,
,,,,,,,,
,,,,,,,,
,,,,,,,PRI,
,,,,,,MORENA,PRD,
,,,,,,,,
,,,,,,,,
,,,,,,,PAN,
,,,,,,,Ns/Nc,
MORENA,,,,,,MORENA,MORENA,PRI
,,,,,,,,
PRD,,MORENA,,,,,,
,,MORENA,,,,MORENA,MORENA,Ns/Nc
,,,,,,,,
,,,,,,MORENA,,
,,,,,,,PRI,
,,,,,,MORENA,MORENA,
,,,,,,,,
MORENA,,MORENA,,PRI,PVEM,MORENA,MORENA,
,,MORENA,,,,,,
,,,,,,,,
,,MORENA,,,PVEM,,,
,,MORENA,,,MORENA,MORENA,MORENA,
,,,,,,,,
Ns/Nc,,,,,,,,
PRI,,MORENA,MORENA,,,,,
MORENA,,PRD,,PVEM,PVEM,MORENA,,MORENA
,,,,,,,,
,,,,,,,,
MORENA,PVEM,,,MORENA,PVEM,MORENA,,
,,,,,,,,
Ns/Nc,,MORENA,PVEM,Ns/Nc,PVEM,Ns/Nc,MORENA,PRI
,,,,,,,,
,,,,,,,,
,,,,,,,,
,,,,,,,,
,,MORENA,,PVEM,PVEM,,,
,,,,,,,,
,,,,,,,,
,,MORENA,,,,,,
MORENA,,MORENA,,,,,,
,,,,,,,,
,,MORENA,,,,,,
,,MORENA,,,,MORENA,,
,,,,,,,,
,,,,,,,,
PRI,,MORENA,,,MORENA,MORENA,MORENA,
MORENA,,MORENA,MORENA,,,PAN,MORENA,PRD
,,,,,,,,
,,,,,,,,
,,,,,,,,
,,MORENA,,,PVEM,,,
,,,,,,,,
,,,,,,,,
,,,,,,,,
,,MORENA,,,,,,
,,,,,,,,
,,,,,,,,
,,,,,,,,
,,,,,,,,
,,MORENA,,,,,,
,,MORENA,,,,,MORENA,
,,,,,,,,
PRI,PRI,MORENA,MC,PVEM,MORENA,MORENA,MORENA,PT
,,,,,MORENA,,,
,,,,PVEM,,,,
,,,,,,MORENA,,
,,,,,,,,
MORENA,,MORENA,,,,MORENA,MORENA,
,,MORENA,,,,,,
PRI,,PT,,PVEM,PRI,PRD,PRI,PRD
,,,,,,,,
,,,,,,,,
PRI,PVEM,MORENA,MORENA,PVEM,PVEM,MORENA,MORENA,MORENA
,,,,,,,,MORENA
,,,,,,,,
,,,,,,,PRI,
,,MORENA,,,PRI,,,
MORENA,PVEM,MORENA,PRD,PVEM,PVEM,MORENA,MORENA,PRD
,,MORENA,,,,,,
,,MORENA,,PT,,,,
,,,,,,,,
,,,,,,,,
,,MORENA,,,,,MORENA,
,,MORENA,,,,MORENA,,
,,MORENA,,PRD,,,,
,,MORENA,,,,,,
,,,,,,,,
MORENA,PVEM,MORENA,,,PVEM,MORENA,MORENA,MORENA
,,MORENA,,,,,,
,,PVEM,,PAN,,,PRI,
,,MORENA,,,,MORENA,MORENA,
,,PRI,,PVEM,,,PRD,
,PVEM,MORENA,,PES,MORENA,MORENA,,MORENA
,,,,,,,,
MORENA,PRI,MORENA,,,MORENA,,,
,,,,,,,,
,,,,,,,,
,,,,,,MORENA,,
,,,,,,,,
,,,,,,,,
,,,,,,,,
,,,,,,,,
,,,,,,,,
MORENA,PRI,MORENA,MORENA,PRI,MORENA,MORENA,MORENA,MORENA
,,PRD,,,,,PAN,
,,,,,,,,
MORENA,,MORENA,,,,MORENA,MORENA,MORENA
,,,,,,,,
,,,,,,,,
,,,,,,MORENA,,MORENA
,,,,,,,,
,,,,,,,,
,,,,,,,MORENA,
,,,,,,,,
,,,,,,,,
,,,,,,MORENA,MORENA,MORENA
,,,,,,,PAN,
,,,,,,,,
,,,,,,,,
,,,,,,,,
,,,,,,,,
,,,,,,,MORENA,
,,,,,,,,
,,,,,,,,
,PRI,MORENA,,PVEM,PRI,,MORENA,
,,,,,,,,
,,MORENA,,,,,,
MORENA,PVEM,MORENA,MORENA,PVEM,PVEM,MORENA,MORENA,Ns/Nc
,,,,,,,,
,,MORENA,,,,,,
,,,,,,,MORENA,
,,,,,,,MORENA,
,,MORENA,,,,,,MC
,,,,,,,MORENA,
,,MORENA,,,,,,
,,MORENA,,,,,,
,,MORENA,,,,,,
,,,,PVEM,,MORENA,,
,,MORENA,,,,,,
,,MORENA,,,,,,
,,MORENA,,,,,,
,,MORENA,,,,,,
,,,,,,,,
MORENA,,,,MORENA,,,,
,,MORENA,,,,,,
,,MORENA,,,,,,
,,,,,,,,
,,,,PRI,,,,
MORENA,,MORENA,,PVEM,,,,
PAN,,MORENA,,,,,PRI,
MORENA,,MORENA,,,,MORENA,MORENA,
,,MORENA,,,,,MORENA,
,,,,,,,,
,,,,,,,,
,,,,,,MORENA,MORENA,MORENA
,,,,,PVEM,MORENA,MORENA,
,,,,,,,PRD,
,,,,,,,PRI,
,,,,,,,,
,,MORENA,,,,,,
,,,,,,,Ns/Nc,
,,,,,,,,
,,,,,,,,
,,,,,,,,
,,Ns/Nc,,,PVEM,MORENA,MORENA,
,,,,,,,,
,,,,,PRI,,,
,,,,,,,,
,,,,,,,,
,,,,,,,,
,,,,,,,,
,,,,,,,,
,,,,,,,PRI,
,,,,,,,,
,,,,,PVEM,,,
,,,,,,,,
,,,,,,,,
,,,,,,,,
,,,,,,,,
,,,,,,,,
,,,,,,,,
,,,,,,,,
,,,,,,,,
,,,,,,,,
MORENA,,MORENA,,,,,,
,,MORENA,,,MORENA,,,
,,,PAN,,,,,
,,MORENA,,,,,MORENA,
MORENA,,MORENA,,,MORENA,MORENA,MORENA,
MORENA,PVEM,MORENA,,PT,PVEM,MORENA,MORENA,
PRI,,MORENA,,,PRI,,,
,,,,,,,,
,,,,,,,,
,,,,,,Ns/Nc,,
,,,,Ns/Nc,,,,
,,,,,,,,
,,PRD,,,PRD,PRD,PRD,
,,,,,,,,
,,,,,,,,
,,,,,,,,
,,PRD,,,PVEM,,MORENA,PRD
,,,,,,,,
,,,,,,,,
,,,,,,,,
,,,,,,,,
,,,,PVEM,,MORENA,MORENA,MORENA
,,MORENA,,,,Ns/Nc,,
,,,,,,,,
PRI,,,,,PVEM,,,
,,PRD,,,PRD,,MORENA,
,,MORENA,,,,MORENA,MORENA,MORENA
,,Ns/Nc,,Ns/Nc,,MORENA,,
MORENA,MORENA,MORENA,Ns/Nc,MORENA,PVEM,MORENA,MORENA,MORENA
PVEM,,MORENA,,PVEM,PVEM,MORENA,MORENA,
,,,,,,MORENA,,
,,,,,,,,
,,,,,,,,
,,MORENA,,,,,,
MORENA,MORENA,MORENA,,,MORENA,MORENA,MORENA,MORENA
Ns/Nc,,MORENA,,,,MORENA,PRI,
,,,,,,,,
,,,,,,,,
,,,,,,,,
,,,,,,,,
Ns/Nc,,,,,,MORENA,MORENA,
PVEM,,,MORENA,PES,PVEM,MORENA,MORENA,MORENA
,,,PAN,,,MORENA,MORENA,
,,,,,,,PRI,
,,,,,PVEM,,,
,,,,,,,,
MORENA,,,MORENA,MORENA,PVEM,MORENA,MORENA,MORENA
,,,,,,MORENA,MORENA,Ns/Nc
,,,,,,,,
,,,,,,,,
MORENA,,MORENA,,PT,,,MORENA,
,,MORENA,,,,,,
PRI,,MORENA,,,MORENA,,PRI,MORENA
,,,,,PRI,,MORENA,
,,,,,,,,
,,MORENA,,,,,,
,,,,Ns/Nc,,MORENA,MORENA,
,PVEM,,,PVEM,PVEM,,,
MORENA,PVEM,MORENA,MORENA,,MORENA,MORENA,MORENA,MORENA
PT,,,,,,,PRI,MORENA
,,MORENA,,PVEM,,,MORENA,
,,,,,,,MORENA,
MORENA,PRI,PRD,,,PRD,MORENA,PRD,PRD
,,MORENA,,,PVEM,,,
,,,,,,MORENA,,
,,,,,,,PRI,
,PVEM,,,,PVEM,MORENA,MORENA,
,,,,,,,,
,,,,,,,,
,,,,,,,,
,,,,,,,,
,,,,,,,,
,,,,,,,,
,,,,,,MORENA,MORENA,
,,,,,,,PRI,
,,,,,,,,
PAN,,,,,,,,
,,,,,PVEM,MORENA,MORENA,
,,,,,,,,
,,,,,,,,
,,,,,,,,
PVEM,,MORENA,,Mover a Chiapas,MORENA,,,
,,,,,PRI,,,
,,,,,,,,
PRD,PVEM,PRD,,,MORENA,,,MORENA
,,,,,,,,
,,,,,,,,
,,PRD,,,PRD,,,
Ns/Nc,,,,,,,,
,,Ns/Nc,,,,,,
,,PAN,,,,,,
,,MORENA,,,PVEM,,,
,,MORENA,,,,MORENA,,
,,PRD,,,,,,
,,MORENA,,,PVEM,,,
PAN,,MORENA,,Ns/Nc,PAN,,PAN,
,,,,,,,,
,,,,,,,,
,,,,,,,,
,,MORENA,,,,,Ns/Nc,
MORENA,,PRD,PRI,PES,PVEM,MORENA,MORENA,MORENA
,,,,,,,,
,,,,,,,,
,,MORENA,,,PRI,MORENA,MORENA,
,,MORENA,,,PRD,,,
,,MORENA,,,,,,
,,MORENA,,,MORENA,,,
,,MORENA,,,,,,
,,MORENA,,,MORENA,,MORENA,
,,Ns/Nc,,,Ns/Nc,MORENA,Ns/Nc,Ns/Nc
MORENA,,MORENA,PVEM,Ns/Nc,MORENA,MORENA,MORENA,
,,,,,,Ns/Nc,,
,,,,,,,,
,,,,,,,Ns/Nc,
,,,,,,Ns/Nc,,
,,,,,,,Ns/Nc,
,,,,,,,,
,,MORENA,,,,,,
,,MORENA,,PRI,PVEM,,MORENA,
,,,,,,,,
,,,,,,,,
,,,,,,,,
,,,,,,,MORENA,
,,,,,,,MORENA,
,,,,,,,,
,,,,,,,,
,,,,,,,,
,,,,,,,,
,,,,,,,,
,,,,,,,,
,,,,,,MORENA,MORENA,
,,,,,,,,
,,,,,PVEM,,,
,,,,,,,,
,,,,,,,,
,,,,,,,PRI,PRI
,,MORENA,MORENA,,MORENA,MORENA,MORENA,MORENA
,,,,,,,,
,,,,,,,MORENA,
,,,,,,,,
,,,,,,,,
,,,,,,,,
,,,,,,,,
,,,,,,MORENA,,
,,,,,,,PRI,
,,,,,,,,
PRI,Ns/Nc,Ns/Nc,,,,,PRI,
,,PRD,,,,,PAN,
,,,,,,,,
,,Ns/Nc,,,,,PRI,
,,,,,,,,
,,,,,,,,
,,,,,,MORENA,,
,,,,,,,,
MORENA,,MORENA,,,MORENA,MORENA,MORENA,MORENA
,,,,Ns/Nc,,,Ns/Nc,
,,Ns/Nc,,,,MORENA,MORENA,
,,,,,,,PRI,
MORENA,,MORENA,MORENA,,MORENA,MORENA,MORENA,
,,MORENA,,,,MORENA,MORENA,
,,,,,,,,
,,MORENA,,,,,,
,,,,,,,,
,,,,,,,,
PRI,,MORENA,,,,,MORENA,
,,PRD,,,,,,
,,,,,,,,
,,,,,,,,
Ns/Nc,,,,,,,Ns/Nc,
MORENA,,Ns/Nc,MORENA,,MORENA,,MORENA,
MORENA,,MORENA,,,,,,
,,,,,,,,
,,,,,,,,
,,,,,,,,
,,,,,,MORENA,PRI,
,,,,MORENA,,,PRI,
,,,,,,,,
MORENA,,,,,,MORENA,MORENA,
,,,,,,,,
,,,,,,,MORENA,MORENA
,,,,,,MORENA,MORENA,
,,,,,,MORENA,,
,,,,,,,,
,,,,,,,,
,,,,,,,,
,,,,,,,,
,,,,,,,,
,,,,,,,,
,,,,,,,,
MORENA,PVEM,MORENA,MORENA,PES,PVEM,MORENA,MORENA,MORENA
,PRI,,PRI,PES,PVEM,MORENA,,
,,,,,,,,
,,,,,,,,
,,,,,,,,
,,,,,,,,
,,,,,,,,
,,,,,,,,
,,,,,,,,
,,,,,,,MORENA,
,,,,,,,,
,,,,,,,,
,,,,,,,,
,,,,,,,,
,,,,,,,,
,,,,,,,,
,,,,,,,MORENA,
,,,,,,,,
,,,,,,,,
MORENA,,,,,,MORENA,MORENA,MORENA
,,,,,Ns/Nc,,,
,,,,,,,,
,,,,,,,,
,,,,,,,,
,,,,,PRI,,,
,,,,,PVEM,MORENA,,
,,,,,,,,MORENA
,,,,,,MORENA,MORENA,
,,,,,,,,
,,,,,,,,
,,,,,,,,
,,,,,,Ns/Nc,,
,,,,,,,,
,,,,,,,,
,,MORENA,,,,,Ns/Nc,
,,,,,,,,
,,,,,,,,
,,,,,,,,
,,,,PVEM,,MORENA,,
,,,,,,,,
,,,,,,,,
,,,,,,,,
,,MORENA,,,,,,
PRI,,MORENA,MORENA,,MORENA,MORENA,MORENA,
,,,,,,,,
,,,,,,,,
,,MORENA,,,,,MORENA,
,,MORENA,,,,,,
,,,,,,,,
,PVEM,MORENA,,,,,MORENA,
,,,,,,,,
,MORENA,,,,PRI,,,
,,MORENA,,,,MORENA,MORENA,MORENA
,,PRD,,,PRI,,,
,,,,,,,,
PRI,,,PRI,Chiapas Unido,MORENA,MORENA,PRD,PRD
,,MORENA,,,,,,
,,PRD,,,,,,
MORENA,PVEM,MORENA,,MORENA,MORENA,MORENA,MORENA,MORENA
PVEM,PVEM,MORENA,PVEM,MORENA,MORENA,,,
,,,,,,,,
,,,,PVEM,,,,
,,,,,,,,
PRD,PRI,MORENA,,,PVEM,MORENA,MORENA,PRD
,,,,,,MORENA,,
,,,,,,,,
MORENA,,MORENA,,,MORENA,MORENA,MORENA,
,,,,,,,,
,,MORENA,,,,,,
,,MORENA,,,,MORENA,,
,,,,,,,,
,,,,,,,,
,,,,,,,,
MORENA,,MORENA,,PVEM,PVEM,,,
,,,,,,,,
PVEM,PVEM,MORENA,,,PVEM,MORENA,PRD,
,,,,,,,,
,,MORENA,,,,,,
,,MORENA,,,,Ns/Nc,MORENA,
,,,,,MORENA,,MORENA,MORENA
,,,,,,,,
,,,,,,,,
,,,,,,,,
,,,,,,,,
,,MORENA,,MORENA,,,,
,,MORENA,MORENA,,MORENA,MORENA,MORENA,MORENA
,,,,,,,,
,,,,,,,,
,,,,,,,,
,,,,MORENA,,,,
,,,,,,MORENA,,
,,,,,,,,
,,,,,,,,
,,MORENA,,,,,,
,,,,,,MORENA,,
,,,,,,,,
,,,,,,Ns/Nc,,
,,,,,,,,
,,PRI,,PANAL,,,,
,,,,,,,,
Ns/Nc,,MORENA,PVEM,,,,,
,,MORENA,,,,MORENA,MORENA,
,,,,,,,Ns/Nc,
,,,,,,,,
,,MORENA,,,MORENA,MORENA,MORENA,MORENA
,,MORENA,,,,,,
,,MORENA,,,,,,
,,MORENA,,,,,,
,,,,,,,,
,,,,,PVEM,,MORENA,
MORENA,,MORENA,,,,MORENA,MORENA,
,,,,,,,,
,,,,,,,,
,,,,,,,PRI,
,,,,,,,,
,,,,,,,,
,,,,,,,,
,,,,,,,,
,,,,,PVEM,,,
,,,,,,,,
,,,,,,,PAN,
,,,,,,,PRI,
,,,,,,,,
,,MORENA,,,,MORENA,MORENA,
,,,,,,,,
,,,,,,,,
,,,,,,,,
,,,,,,,,
,,,,,Ns/Nc,,,
,,,,MORENA,,,MORENA,MORENA
,,,,,MORENA,,,
,,,,,,,PRI,
,,,,,,,,
,,,,,,,,
,,,,,,,,
,,,,,,,,
,,,,,,,,
,,,,,,,,
,,,,,PVEM,,,
,,,,,,,,
,,,,,,,MORENA,
,,,,PES,PVEM,,,
,,,,,,,,
,,,,,,,,
,,,,,,,,
,,,,,,,,
,,,,,,,,
PVEM,,,,,,,,
,,,,,,,,
,,,,,,,,
PRI,,,,,PRI,,PRI,
,,,,,,,,
,,MORENA,,,,,,
,,,,,,,,
,,MORENA,,,PVEM,,,
,,,,,,,,
PT,PAN,PRI,PRI,MORENA,PVEM,MORENA,MORENA,PRD
,,,,,,,,
,,,,,,,,
,,,,,,,,
,,,,,,,,
,,,,,,MORENA,,
,,,,,,,,
,,,,,,,MORENA,
MORENA,,MORENA,,,,,,
,,,,,,,,
,,,,,,,,
,,,,,,,,
,,,,,,,,
,,,,,PVEM,,,
,,Ns/Nc,PRD,,,MORENA,Ns/Nc,
,,,,,,,,
,,,,,,,MORENA,
,,,,,,,,
PVEM,,MORENA,,PVEM,PRI,MORENA,MORENA,MORENA
,,MORENA,MORENA,MORENA,PVEM,MORENA,MORENA,
PRI,,,,,,,MORENA,
,,PRI,,,PRD,PAN,PAN,
MORENA,,PRD,,PRI,,MORENA,MORENA,
,,MORENA,,,,,MORENA,
,,,,,,,,
MORENA,PRI,PRD,PVEM,PVEM,PVEM,MORENA,PRD,MORENA
,,,,,,,,
MORENA,,MORENA,,,PVEM,,MORENA,
,,,,,,,,
PRI,PVEM,MORENA,MORENA,PRI,MORENA,MORENA,MORENA,MORENA
,,,,,,,,
,,MORENA,,MORENA,PVEM,,,
,,MORENA,,,,,,
,,,,,,,,
,,,,,,,,
,,,,,,,,
,,Ns/Nc,,,,,,
,,,,,,,,
,,PAN,,PVEM,,,,
,,,MORENA,,MORENA,MORENA,MORENA,
,,,,,,,,
,,,,,PVEM,MORENA,,
,,,,,,,MORENA,
,,MORENA,MORENA,,,,,
,,,,,,,,
,,PT,,,,,,
,,MORENA,,,,,,
,,,,PVEM,,,MORENA,
,,,,,,,,
,,,,,,,,
,,,,,,,,
,,,,,,,,
,,MORENA,,,,MORENA,MORENA,
MORENA,,,,,,MORENA,,
MORENA,,MORENA,,,,,MORENA,MORENA
,,Ns/Nc,,,,,,
,,,,,,,,
,,,,,,MORENA,,
,,,,,,,,
,,,,,,,,
,PVEM,,,,,,,
,,,,,PVEM,,MORENA,
,,,,,,,PRI,
MORENA,,MORENA,,,MORENA,MORENA,MORENA,MORENA
,,,,,,,PRD,
,,MORENA,,,,MORENA,MORENA,
,,,,,,,,
,,Ns/Nc,,,,,,
,,,,,,,,
PVEM,,,Ns/Nc,,,,PVEM,
,,MORENA,,,Ns/Nc,,PRI,
PRI,,MORENA,,PVEM,,MORENA,PVEM,
,,,,Ns/Nc,,,,
,,,,,,,,
,,,,,,,,
,,,,,,,,
,,,,,,,,
,,,,,,,,
,,,,,,MORENA,MORENA,
,,MORENA,,,,,,
,,MORENA,,,,MORENA,MORENA,
,,MORENA,,,,,,
MORENA,PVEM,MORENA,MORENA,PVEM,MORENA,MORENA,MORENA,MORENA
PRI,,,,,,MORENA,,MORENA
,,,,,,,,
,,MORENA,,PVEM,PVEM,,,
,,,,,,,,
,,PAN,,PRI,,,,
MORENA,,MORENA,MORENA,PVEM,PVEM,MORENA,MORENA,MORENA
,,,,,,,,
,,MORENA,,PRI,PRI,MORENA,MORENA,
,,,,,,,,
,,,,,,,,
MORENA,,MORENA,MORENA,,PVEM,MORENA,,
,,,,,,,,
,,MORENA,,,,MORENA,MORENA,
,,,,,,,,
,,,,,,,,
,,,,,,,,
,,,,,,,,
,,,,,,,,
,,,,,,,,
,,,,,,MORENA,,
,,,,,,,,
,,,,,,MORENA,MORENA,
,,,,PVEM,PVEM,MORENA,MORENA,
,,,,,PRI,,,
,,,,,,,,
,,,,PVEM,,,,
,,,,,,,,
MORENA,,,,,,MORENA,MORENA,MORENA
PRI,,PRD,,,,MORENA,MORENA,
,,,,PT,MORENA,,MORENA,
PVEM,,PRD,PRI,,PRD,,,PRI
,,,,,,,,
,,,,PVEM,,,,
,,MORENA,,,,,,
,,,,,,,,
,,,,,,,,
,,,,,,,,
,,,,,,,,
,,,,PVEM,PRI,,MORENA,
,,,,,,,Ns/Nc,
,,,,Ns/Nc,,,,
,,,,,,,,
,,,,PVEM,,MORENA,,
,,,,,,,,
,,,,,,,PRI,
,,,,,,MORENA,,
,,,,,,,,
,,,,,,,,
PRI,,,,,,,,
,,,,,,,,
,,,,,,,,
PVEM,,PT,,PVEM,PRI,MORENA,PRD,MORENA
,,,,,,,,
,,,,,,,,
,,,,,,,,
,,,,,,,,
,,,,,PVEM,,,
,,,,,,,,
,,,,,,,,
,,,,,,,,
,,MORENA,,,,PRI,PRI,
,,,,,,,,
,,,,,,,PAN,
,,,,,Ns/Nc,,,
MORENA,PRI,MORENA,,PES,PVEM,MORENA,Ns/Nc,
,,,,,,,,
,,,,,,,,
,,,,,,,,
,,,,,,,,
,,,,Ns/Nc,,,,
,,,,,,,,
,,,,,,,PRI,
,,,,,,,,
PRD,PVEM,,MORENA,PVEM,,MORENA,,PRD
,,,,,,,,
,PRI,,Ns/Nc,PVEM,,,PAN,
,,,,,,,,
,,,,,,,,
,,,,,,,,
,,,,,,,,
,,PRD,,,PVEM,,PRD,
,,,,,,,,
MC,,,,,PVEM,,,
,,,,,,,,
,,,,,,,,
,PVEM,,Chiapas Unido,PRI,PVEM,,PRI,MORENA
,,,,,,,,
,PVEM,,,,,,,
,,,,,,,,
,,,,,,,,
,,MORENA,,,,,MORENA,
MORENA,,MORENA,,PVEM,PVEM,,PRI,
,,,,,,,,
,,MORENA,,,,,,PVEM
,,,,,,,,
MORENA,,MORENA,PRD,,PVEM,MORENA,MORENA,MORENA
MORENA,MORENA,,,,,MORENA,PRI,MORENA
,,,,,,,,
,,,,,,,,
MORENA,PVEM,Ns/Nc,,PVEM,MORENA,MORENA,MORENA,MORENA
,,,,,,,,
,,,,,,MORENA,MORENA,MORENA
,,,,,,,,
,PRI,,,,PRI,MORENA,PRI,
,PVEM,,,MORENA,PVEM,MORENA,MORENA,MORENA
,PVEM,,,,Ns/Nc,MORENA,,
MORENA,PVEM,,MORENA,,PVEM,,MORENA,
,,,,,,,,
,,,,,,,,
,,,,,,,,
,,,,,,,,
,,,,,,,,
MORENA,,,,,,,MORENA,MORENA
MORENA,PRI,,,,PVEM,MORENA,MORENA,MORENA
,,,,,,,,
,,,,,,,,
,,,,,,,,
,,,,,,,,
,,,,,,,,
,,,,,,,,
,,,,,,,,
MORENA,PRI,,,MORENA,PRI,MORENA,MORENA,PRD
,,,,,,,,
,,,,,,,,
,,,,,,,,MORENA
,,,,,,,,
,,,,,PVEM,,,
,,,,,,MORENA,,
,,,,,,,,
,,,,,PVEM,MORENA,,
,,,,,,,,
,PVEM,,,,PVEM,,,
,,,,,,,,
,,,,,,,,
,,,,,,,,
,,,,,,,,
,,,,,,,,
,,,,,,,,
,,MORENA,MORENA,,PVEM,,MORENA,
,,MORENA,,,MORENA,,,
,PRI,,,,,,PRI,
,,,,,,,MORENA,
,,,,,,,,
,,,,,,,,
,,,,,,,,
,,,,,,,,
,,,,,,,,
MORENA,,MORENA,PVEM,MORENA,PVEM,MORENA,MORENA,MORENA
,,,,,,,,
,,,,,,,,
,,,,,,,,
,,,,PVEM,,,,
,,,,,,,,
,,,,,,,,
PRI,,,,,,,,
,,,,,,,,
,,,,PVEM,,MORENA,,
,,,,,,,,
MORENA,PRI,MORENA,MORENA,MORENA,MORENA,MORENA,MORENA,MORENA
,,,,,,,,
,,,,,,,,
,,,,,,,,
,,,,,,MORENA,,
,,,,,,,,
,,,,,,,,
,,,,,,,,
,,,,,,,,
,,,,,,,,
PVEM,,,,PRI,PVEM,MORENA,MORENA,PRI
,,,,,,,,
,,,,,,,,
MORENA,PVEM,,,,,MORENA,MORENA,
,,,,,,,,
,,,,,,MORENA,,
,,,,,,,,
,,,,,,MORENA,,
,,,,,,,PRI,
,,,,,,,,
,,,,,PVEM,MORENA,MORENA,PAN
PVEM,,,,,,MORENA,,
,,,,,,,,
,,,,,,,,
,,,,,,,,
,,,,,,PRI,,
,,,,,,,MORENA,
,,,,,PVEM,,,
,,,,,,,,
MORENA,,,,,MORENA,MORENA,MORENA,MORENA
,,,,,,,,
,,PVEM,,,,,,
,,,,,,,,
,,,,,,,,
,,,,,,,,
,,,,,,,,
,,,,,,,,
,,,,,,MORENA,PAN,
,,Chiapas Unido,,,,,PRD,
,,,,,,,,
,,,,,,,,
MORENA,,,,,MORENA,,PRI,
,,,,,,,,
,,,,,,,,
,,,,,,,,
,,MORENA,,,,MORENA,,
,,,,,,,,
,,,,,,,PRI,
,,,,,,MORENA,,
,,,,,,MORENA,MORENA,
,,,,,,MORENA,,
,,,,,,,,
,,,,,,,,
,,,,,,,PAN,
,,,,,,,,
,,,,,,,,
MORENA,,,,,MORENA,MORENA,MORENA,MORENA
,,,,,,,PRI,PRI
,,,,,,,,
,,,,,,MORENA,MORENA,
,,,,,,MORENA,MORENA,
,,,,,,MORENA,MORENA,
,,,,,PVEM,MORENA,MORENA,
,,,,,,,,
MORENA,MORENA,,MORENA,MORENA,MORENA,MORENA,MORENA,MORENA
,,,,,PRD,,,
,,PVEM,,,,,,
MORENA,PRI,MORENA,,,PRI,MORENA,MORENA,MORENA
,,,,,,,,
,,,,,,,,
,,MORENA,,,,,MORENA,
,,,,,,,,
,,,PVEM,,PVEM,,Ns/Nc,
,,,,,,Ns/Nc,Ns/Nc,
,,,,,,MORENA,,
,,,,,,,,
,,,,,,,,
,,,,,,,,
,,Ns/Nc,,,,Ns/Nc,,
,,,,,,,PRI,
,,,,,,MORENA,MORENA,
,,,,,,,,
,,,,,,,,
,,,,,,,,
,,,,,PRI,MORENA,MORENA,
,PVEM,,,MORENA,PVEM,MORENA,PRD,MORENA
,,,,,,,,
,,,,,,MORENA,MORENA,
,,,,,,,PRI,
,,,,,,,,
,,,,,,,,
MORENA,,MORENA,,,MORENA,,MORENA,PT
,,,,,,,,
PVEM,,,,,,,,
,,,,,,,,
,,,,,,,,
,,,,,PRD,,,
,,,,,,,MORENA,
MORENA,,PVEM,,MORENA,PVEM,MORENA,MORENA,
,,,,,,,,
,,,,,,,,
,,,,,,,,
,,,,,MORENA,MORENA,MORENA,PRI
,PRI,,,,PVEM,MORENA,MORENA,
,,,,,,,,
,,,,,PAN,,,
,,,,,,MORENA,MORENA,
,,,,,,,PRI,
,,,,,,MORENA,,
,,,,,,,,
,,,,,,,MORENA,
,,,,,,,,
,,,,,PVEM,,PRD,
,,,,,,,PRI,
,,,,,,,,
,,,,,,,,
,,,,,,,,
,,,,,,,,
,,,,,,,,
,,,,,,,,
,,,,,,,,
,,,,,,,PRI,
,,,,,,MORENA,MORENA,
,,,,,,,,
,,,,,,,MORENA,
,,,,,PVEM,PRD,PRI,PRD
,,,,,,,,
,,,,,,,,
,,,,,,,,
,,,,,,,,
PVEM,PVEM,,PVEM,MORENA,PVEM,,,
,,,,,,,,
,,,,,,,,
,,,,,,,,
PRI,,,,,PAN,MORENA,MORENA,PRD
,,,,,,,,
,,,,,,,,
,,,,,,,,
,,,,,,,,
,,,,,,,,
,,,,,,,,
,,,,,,,,
,,,,,,MORENA,,
,,,,,,,,
,,PRI,,,,,,
,,PT,,,,,,
,,,,,,,,
,,,,,,,,
,,,,,,,,
,,,,,,,,
,,,,,,,,
,,,,,,,,
,,,,,,,,
,,,,,,,,
,,,,,,,,
,,,,,,,,
,,,,,,,,
Ns/Nc,,Ns/Nc,,,,,PRD,
,,,,,,,,
,,,,,Ns/Nc,,,
,,,,,,,,
,,,,,,MORENA,PRI,
,,,,,,,,
MORENA,,,,MORENA,PRI,,PAN,
,,,,,,,,
,,,,,,,,
,,,,,,,,
,PRI,,,,MORENA,MORENA,MORENA,PRI
,,Ns/Nc,,PAN,,,MORENA,
,,,,,,,,
,,Ns/Nc,,,Ns/Nc,MORENA,MORENA,
,,,,,,,,
,,,,,,,,
,,,,,,,,
MORENA,,PRI,,,MORENA,,,
,,MORENA,,,,,,
,,,,,,,PRI,
PVEM,,,,,,,PAN,
MORENA,,MORENA,PVEM,PVEM,MORENA,MORENA,MORENA,
,,,,,PRI,,,
,,,,,,,,
,,,,,,,,
,,,,,,,,
MORENA,PVEM,MORENA,PVEM,PVEM,PVEM,MORENA,MORENA,MORENA
,,,,,,,,
MORENA,,,,PVEM,MORENA,MORENA,PVEM,
,,,,,,,MORENA,
,,,,,,,,
MORENA,PVEM,,,,MORENA,MORENA,PRD,MORENA
,,,,,,,,
,,,,,,,,
,,,,,,,,
,,,,,,,,
,,,,,,,,
,PRI,MORENA,,PVEM,PVEM,,,
,,,,,,,,
,,,,,,,,
,,,,PAN,,,,
,,,,,,,,
,,,,,,,,
,,,,,Ns/Nc,,,
,,,,,,,,
,,,,,,,,
,,,,,,,,
,,,,,,,,
,,,,,,,,
,,,,,,MORENA,MORENA,MORENA
,,,,,,,,
,,,,,,,,
,,,,,,,,
,,,,,PVEM,,,
,,,,,,,,
,,,,PVEM,PVEM,,,
,,,,,,,,
,,,,,RSP,MORENA,PRI,
,,,,,,PVEM,,
,,,,,,,,
,,,,,,,,
,,,,,,,,
,,,,,,,,
,,,,,,,MORENA,
,PVEM,,,,MORENA,MORENA,MORENA,MORENA
,,,,,,,,
,,,,,,,,
,,,,,,,,
,,,,,,,,
MORENA,PRI,,,MORENA,MORENA,MORENA,MORENA,
,,,,,,,PRI,
,,,,,,,,
,,,,,,,,
,,,,,,,,
,,PVEM,,,,MORENA,,
,,,,,,,,
MORENA,PVEM,MORENA,,MORENA,PVEM,MORENA,MORENA,MORENA
,,,,,PVEM,,,PVEM
,,,,,,MORENA,,MORENA
,,,,,,,,
,,,,,MORENA,MORENA,MORENA,MORENA
,,,,,PVEM,MORENA,MORENA,MORENA
,,,,MORENA,,,,
MORENA,PVEM,,PVEM,MORENA,PVEM,MORENA,MORENA,MORENA
,,,,MORENA,,,,
,,,,,,,,
PRI,,,,,,PAN,MORENA,MORENA
,,,,,,,,
,,,,,,,,
,,,,,,MORENA,MORENA,MORENA
,,,,,PVEM,,,
,,,,,,,,
,,,,,,,,
,,,,,,,,
,,,,,,,,
,,,,,,,MORENA,
,,,,,,MORENA,MORENA,
MORENA,PRI,PVEM,MORENA,MORENA,PVEM,MORENA,PRD,PRD
,PRI,,,,PRI,,PRI,
,,,,,,,PRD,
PRI,PRI,,,PRI,PRI,,MORENA,
MORENA,PVEM,,,,MORENA,MORENA,Ns/Nc,MORENA
,,,,,,,,
,,,,,,MORENA,MORENA,PRD
,PRI,,,,PRI,MORENA,PRI,
,,,,,,MORENA,Ns/Nc,
,,,,,,,,
MORENA,PRI,,,Ns/Nc,PVEM,MORENA,MORENA,MORENA
,,,,,,,,
,MORENA,,,,PVEM,,,
,,,,,,MORENA,,
,,,,,,,,
,,,,,,,,
,,,,,,,,
MORENA,,,,,,MORENA,PRD,PRI
,,,,,,,,
,,,,,,,,
,,,,,,,,
,,,,,,,,
,,,,,,,,
,,,,,,,,
,,,,,,,,
,PRI,,,,,MORENA,MORENA,
,,,,,PRI,,PRI,
,PRI,,,,Ns/Nc,,,
,,,,,,,,
,,,,,,,,
,,,,,,,,
,PRI,,,,,MORENA,MORENA,PRD
,,,,,,,,
,,,,,,,,
MORENA,,,,,MORENA,MORENA,MORENA,MORENA
,,,,,,,,
,PVEM,,,PVEM,PVEM,MORENA,,
,,,,,,,,
,,,,,,,,
,,,,,,,,
,,,,,,,,
,,,,,,,,
,,,,,,,,
,,,,,,,,
,,,,,,,,
,,,,,,MC,,
,,,,,PVEM,,,
,,,,,,Ns/Nc,Ns/Nc,
,PVEM,,,,PVEM,MORENA,PVEM,
,,,MORENA,,,,,
,,,,,,,,
,,Ns/Nc,,,,MC,,
,,,,,,,,
,,,,,,,,
,,,,,,,,
,,,,,,,,
PRI,,,,,,,,
MORENA,,,,,,MORENA,MORENA,MORENA
,,,,,,,,
,,,,,,,,
,,,,,,,,
,,,,,,,,
,,,,,,,,
PRI,,,,,,MORENA,,
,,,,,,,,
,,,,,,,,
PRI,,,,,PRI,,MORENA,
,,,,,,MORENA,,PRI
,,,,,,,,
MORENA,,,,,PRI,MORENA,MORENA,PRI
,,,,,,,,
,,,,,,,,
,,,,,,,,
,,,,,,,,
,,,,,,,,
,,,,,,,,
,,,,,,,,
,,,,,,,,
,,,,,,,,
,,,,,,,MORENA,
,,,,,,,,
,,,,,,,,
MORENA,MORENA,MORENA,MORENA,MORENA,MORENA,MORENA,MORENA,MORENA
,,,,,,,,
,,PRI,,,PVEM,,,
,,,,,,MORENA,MORENA,
,,,,,,,,
,,MORENA,,,Ns/Nc,,,
,,,,,,,,
,,,,,,,,
,,,,,,MORENA,,
,,,,,PVEM,,,
,,,,,,,,
,,MORENA,MORENA,,PVEM,,,
,,,,,,,,
MORENA,,,,,,MORENA,MORENA,MORENA
,PVEM,MORENA,,MORENA,PVEM,MORENA,MORENA,MORENA
,,,,,,,,
,,,,,,,,
,,,,,,,,
,,,,,,,,
MORENA,,MORENA,MORENA,MORENA,MORENA,,MORENA,
,,,,,,,,
,,,,,,,,
,,,,,,,,
MORENA,MORENA,MORENA,PRI,,MORENA,MORENA,MORENA,PRD
,,,,,MORENA,MORENA,,
,,,,,,,,
,,,,,PVEM,PRI,,
,,,,,,,Ns/Nc,Ns/Nc
,,PAN,,,,,,
,,,,,,,,
,,,,,,,,
,,,,,,,,
,,,,,,,,
,,,,,PRI,,,
MORENA,,MORENA,,,MORENA,MORENA,MORENA,
Ns/Nc,,MORENA,PVEM,Ns/Nc,PVEM,,MORENA,Ns/Nc
,,,,,PRI,,,
,,,,,,,,
,,,,,,,,
,,,,,,MORENA,,
,,,,,,,,
,,,,,,,,
,,,PRI,,PVEM,,PRI,
,,,,,,,PRI,
,,,,,,,,
,,,,,,,,
,,,,,,,,
,,,MORENA,,,,MORENA,
,,,,,,,,
,,,,,,,,
,,,,,,,,
,,,,,,,,
,,,,,,,,
,,,,,,,,
,,PT,,,,,,
,,,,,,,,
,,,,,,MORENA,,
MORENA,PVEM,MORENA,MORENA,MORENA,MORENA,MORENA,MORENA,MORENA
,,,,,,,,
,,,,,,,,
,,,,,PVEM,,,
,,,,,,MORENA,,
MORENA,PRI,,,MORENA,,MORENA,MORENA,
,,,,,,,,
,,,,PRI,,,,
,PVEM,,,,,,PRI,
,,,,,,,,
,,,,,,,,
,PVEM,,,,,,MORENA,
,,MORENA,,,,MORENA,,
,,,,,PES,MORENA,MORENA,MORENA
,PVEM,,,,,,,
,,,,Ns/Nc,,MORENA,MORENA,
,,,,,,,,
,,,,,,,,
,,MORENA,,,,,,
,,,,,,,,
,PVEM,,,,,,,
,,,,,,,,
,,,,,,,,
MORENA,MORENA,,,,MORENA,MORENA,MORENA,
,,,,,,,PRI,
,,,,,,,,
,,,,,,,,
,,,,,,,,
,PRI,,,,,,MORENA,
,,,,,,,,
,,MORENA,,,,,,
,MORENA,,,,,,,
,,,,,,,,
,,,,,,,,
,,,,,MORENA,MORENA,MORENA,Ns/Nc
,,,,,,,,
,,,,,,,,
PRI,,,,,Ns/Nc,Ns/Nc,MORENA,
,,,,,MORENA,,,
PRI,PRI,,,PVEM,PVEM,MORENA,,
,,,,,,,,
,,,,,,,,
,,,,,,,,
,PRI,,,,PRI,MORENA,PRD,
,PRI,,,,MORENA,,,
MORENA,PRI,,,,MORENA,MORENA,MORENA,MORENA
,PVEM,,,,,,,
,,,,,,,,
,,,,,,,,
,,,,,,,,
,,,,,,,PRI,
,,,,,,,,
,,,,,,,,
,,,,,,,,
,,,,,,,Ns/Nc,
,,,,,,,MORENA,
PRI,,,,PRD,PRI,MORENA,PRD,PRI
,,,,,,,,
,MORENA,,,,MORENA,MORENA,MORENA,MORENA
,,,,,,,,
,,,,,,,,
,,,,,,,,
,,,,,,,MORENA,
MORENA,,,,,,MORENA,,
,,,,,,,,
,,,,,,,,
,,,,,,,,
,,,,,MORENA,,,
,,,PVEM,,MORENA,,,
,,,,,,,,
,,,,,,,,
,,,,,,,,
,,,,,,,,
,,PRD,,MORENA,PVEM,,MORENA,
,,,,,,MORENA,,MORENA
,,,,,,,,
,,,,,,,,
,,,,,,,,
,PVEM,MORENA,MORENA,,PVEM,MORENA,MORENA,MORENA
,,,,,,,,
,,,,,,,,
,,,,,,,,
,,,,,,,,
,,,,PVEM,,,,
,,,,,,,,
,,,,,PRI,,PRI,
,,,,,,,,
,,,,,,,,
,,,,,,,,
,,,,,,,,
,,,,,,,,
,,,Chiapas Unido,,,,,
,,,,,,,MORENA,MORENA
,,,,,MORENA,,,
MORENA,,PRD,MORENA,PES,MORENA,MORENA,MORENA,
,,PRI,,,,MORENA,PRD,
,,,,,,,,
,,,,,,,,
,,,,,,,,
,,,,,,,,
,,,,,,,,
,,,,,,,,
,,,,,,MORENA,MORENA,
,,,,,,MORENA,MORENA,
,,,,,,,,
,,,,,Ns/Nc,,,
,,,,,,MORENA,,
,,,,,,MORENA,,
,,,,,,,,
,,,,,,,,
,,,,,,,,
,,,,,,,,
,,,,,,,,
,,,,,MORENA,,,
MORENA,PRI,PVEM,PRI,MORENA,MORENA,PVEM,MORENA,PAN
,,,,,,,MORENA,
MORENA,,,,,,,MORENA,
,,,,,,,PRI,
,,,,,,,,
,,,,,,,,
,,,,,,,,
PRI,,MORENA,PVEM,,MORENA,MORENA,MORENA,MORENA
,,Ns/Nc,,,PVEM,Ns/Nc,,Ns/Nc
,,,,PVEM,PVEM,,Ns/Nc,
PRI,,PRD,,,PRD,MORENA,PRD,PRD
,,,,,,,,
,,,,,,,,
,,,,,,,,
,,,,,,,,
,,,,,,MORENA,MORENA,
,,,,,,,,
,,,,,,,,
,,,,,,,,
,,,,,,,,
,,,,,,,,
,,,,,,,,
,,,,,,,,
,,,,,,,,
,,,,,,,,
,,,,,,,,
,,,,,,,,
,,,,,,,,
,,,,,,,,
,,,,,,MORENA,,
,,,,,,,,
,,,,,,,,
,,,,,,MORENA,,
,,,,,PVEM,,,
,,,,,,,,
,,,,,,MORENA,,
,,,,,,MORENA,MORENA,
,,,,,,,,
,,,,,,,,
,,,,,MORENA,,MORENA,
,,,,,,,,
,,,,,,,,
,,,,,,,PRI,
,,,,,,,,
,,,,,,,,
,,,,,,,,
,,,,,,,,
,,,,,,,,
,,,,,,,,
,,,,,,,,
,,,,,,,,
,,,,,,,,
,,,,,,,,
,,,,,,,,
,,,,,,,,
,,,,,PRI,,,
,,,,,,,,
,,,,,,,,
MORENA,,MORENA,,,,MORENA,,
,,,,,,,,
,,,,,,,,
,,,,,PVEM,MORENA,PAN,
,,,,,,,,
,,,,,,MORENA,MORENA,MORENA
,,,,,,,,
,,,,,,,,
,,,,,,,,
,,,,,,,,
,,,,,,,,
,,,,,,,,
,,PVEM,,,,,,
,,,,,,,,
,,,,,PVEM,,,
,,,MORENA,,,,,
MORENA,,,,,,MORENA,MORENA,MORENA
,,,,,,,,
,,,,,,,,
,,,,,,PT,,
,,,,,,,,
,,,,,,,,
,,,,,,,,
,,,,,,,,
,PVEM,,,,PVEM,,,
,,,,,,,,
,,,,,,,,
,,,,,,,,
,,,,,,,,
,,,,,,,,
,,,,,,,,
,,,,,,,,
,,,,,,,,
,,,,,,,,
,,,,,,,,
,,,,,,,,
MORENA,,,,,,MORENA,MORENA,MORENA
,,,,,,MORENA,,
,,,,,,,,
,,,,,,,,
,,,,,,,,
,,,,,MORENA,,MORENA,
,,,,,,,,
,,,,,,,,
,,,,,,,,
,,,,,,,,
,,,,,,,,
,,,,,,,,
,,,,,,,,
,,,,,,,,
,,,,,,,,
,,,,,,,,
,,,,,,,,
,,,,,,,,
,,,,,,,PRI,
,,,,,,,,
,,,,,,,,
,,,,,,,,
,,,,,,,,
,,,,,PVEM,,,
PT,,MORENA,MORENA,,PT,MORENA,PRD,
,,,,,,,,
,,,,,,MORENA,MORENA,
,,,,,,,PRI,
,,,,,,,,
,,,,,,MORENA,,
,,,,,,,,
,,,,,,,,
,,,,,,MORENA,MORENA,
,,,,,,,MORENA,
,,,,,,,,
,,,,,,,,
,,,,,,MORENA,,
,,,,,Ns/Nc,MORENA,,MORENA
,,,,,,,,
,,,,,,MORENA,MORENA,MORENA
,,,,,,,,
,,,,,,,,
,,,,,,,,
,,,,,,,,
,,,,,,,,
,,,,,,,,
,,,,,PVEM,,PRI,
,,,,,,,,
,,,,,,MORENA,MORENA,
,,MORENA,,,,,,
,,,,,,,,
,,,,,,MORENA,,
,,,,,,MORENA,,
,,,,,,PRI,MORENA,
,,,,,,,,
,,,,,,,,
,,,,,,,,
,,,,,,,,
PVEM,,,,PVEM,,,,PVEM
,,PVEM,,,,,,
,,,,,,MORENA,,
,,,,,,,,
,,,,,,,,
,,,,,,,MORENA,
,,,,,,MORENA,MORENA,
,,,,,,,,
,,,,,,,,
,,,,,,,,
,,,,,,,,
,,,,,MORENA,MORENA,MORENA,MORENA
,,,,,MORENA,MORENA,MORENA,
,,,,,,,,
,,,,,,,PRD,
,,,,,,,,
,,,,,,,,
,,,,,,PRI,,
,,,,,,,,
,,PT,,MORENA,MORENA,MORENA,MORENA,
,,,,,,,,
,,,,,,,,
,,,,,,,,
,,,,,,PRI,PRI,PRI
,,,,,,,,
,,,,,,MORENA,MORENA,
,,,,,,,,
,,,,,,,,
,,,,,,,,
,,,,,,,,
,,,,,,,,
,,,,,MORENA,MORENA,MORENA,
,,,,,PVEM,,MORENA,
,,,,,,,,
,,,,,,,,
,,,,,,,,
,,,PVEM,,PVEM,MORENA,MORENA,PRI
,,,,,,,MORENA,PAN
,,PRD,,MORENA,PRD,MORENA,PRD,
,,,,,,,,
,,,,,,,,
PRI,,,PVEM,,,MORENA,MORENA,MORENA
,,,,,,,,
,,,,,,,,
,,,,,,,,
,,,,,,,,
,,,,,MORENA,,,
,,,,,,PAN,,
,,,,,,,,
,,,,,,,,
,,,,,,,,
,,MORENA,PVEM,,,,,
,,,,,,,,
MORENA,PRI,,,,PVEM,MORENA,MORENA,MORENA
PRI,PRI,,,,PRI,,PRI,
PRI,,,,,PRI,MORENA,MORENA,MORENA
,,,,,,,,
PVEM,,,,MORENA,PVEM,MORENA,,
,,,,,,,,
MORENA,,,Ns/Nc,,Ns/Nc,,MORENA,
,,,,,,,,
,,,,,,,,
,,MORENA,,,Ns/Nc,,MORENA,
,,,,,,,,
,,,,,,,,
,,,,,,,,
,,,,,,,,
MORENA,,MORENA,,MORENA,MORENA,,MORENA,MORENA
PAN,,,,,PRI,MORENA,PRI,
,,,,,,,,
,PVEM,PRD,,PVEM,PVEM,PRD,MORENA,MORENA
,,,,,,,PRI,
,,,,,,,,
,,,,,,MORENA,,MORENA
,,,,,,,,
,,,,,,MORENA,,
,,,,,PVEM,,,
,,,MORENA,,PVEM,MORENA,MORENA,
,,,,,,MORENA,MORENA,
,,,,,,,,
,,,,,,,,
,,,,,,,,
,,,,,,,,
,,PVEM,,,,,,
,,,,,,,,
,,,,,,,,
,,,,,,,,
,,,,,,,,
,,,,,,,,
,Ns/Nc,,PRI,,Ns/Nc,MORENA,MORENA,MORENA
,,,,,,,,
,PRI,,,,PRD,MORENA,,
,,,,,,,MORENA,MORENA
,,,,,,,,
,PRI,,,,,,PRD,
,,,,PAN,,,,
,,,,,,,,
,,,,,,,PVEM,PAN
,,,,,,,,
,,,,,,,MORENA,
,PRI,MORENA,PRI,,PVEM,PES,PRI,
,,,,,PVEM,,,
,,,,,,,,
MORENA,PVEM,,,PRI,MORENA,MORENA,MORENA,MORENA
,,,,,,,PRI,
,MORENA,,,,MORENA,MORENA,MORENA,MORENA
,PRI,,,,PRI,MORENA,MORENA,MORENA
,,,,,,,,
,,,,,,,,
MORENA,,,,,,MORENA,MORENA,MORENA
PRI,PRI,,,,,MORENA,MORENA,PAN
MORENA,PRI,,MORENA,,,MORENA,MORENA,
,,,,,,MORENA,MORENA,
,,,,,,,,
MORENA,PVEM,,,MORENA,MORENA,MORENA,MORENA,MORENA
,,,,,PVEM,,MORENA,
,,,,,,,,
,,,,,,,,
,,,,,,,,
,,,,,,,PRI,
,,,,,,MORENA,MORENA,
,PRI,,,,PVEM,,,PRI
,,,,,,,,
,,PVEM,,,,Ns/Nc,Ns/Nc,PAN
,,,,,,MORENA,,
,,,,,,,,
,,,,,,,,
,,,,,,,,
,,,,,PRI,MORENA,MORENA,
,,,,,,,,
,,,,,,,,
,,,,,,,,
,,,,,,,,
,,,,,,,,
,,,,,,,,
,,,,,Ns/Nc,MORENA,PRI,
,,,,,,,,
,,,,,PVEM,MORENA,MORENA,
PVEM,,,,,PVEM,MORENA,MORENA,
,,,,,,,,
,,,,,,,PRI,
,,,,,PVEM,,PRI,
,,,,,,MORENA,,
,,,,,,,,
,,,,,Ns/Nc,,,
,,,,,,,,
,,,,,,,,
,,,,,,,,
,,,,,,,,
,,,,,,,,
,,,,,,,,
,,,,,,,,
,Ns/Nc,,,,,,,
,,,,,,,,
,,,,,,MORENA,MORENA,
,,,,,,,,
,,,,,,,MORENA,MORENA
PVEM,,,,,,,,
,,,,,,,,
,,,,,,,,
,,,,,,,,
,,,,,,,,
,,,,,,,,
Ns/Nc,,,,,,MORENA,MORENA,
,,,,,,,,
,,,,,,,,
,,,,,,,,
,,,,,,,,
,,,,,PVEM,,,
,,,,,MORENA,MORENA,,
,,,,,,MORENA,,
,,,,,,MORENA,MORENA,
,,,,,,,,
,,,,PRD,,,,PAN
,,,,,,MORENA,,
,,,,,,,,
,,,,,MORENA,,MORENA,
,,MORENA,,,,MORENA,MORENA,
,,,,,,,,
,,,,,,,,
,,,,,,,,
,,,,,,,,
,,,,,,,,
,,,,,,,,
,,,,,,,,
,,,,,,,,
,,,,,,,,
,,,,,,,,
,,,,,,,PT,
,,,,,,,,
,PRI,,,,,MORENA,,
,,,,,,,,
MORENA,PVEM,,,,,MORENA,MORENA,MORENA
,,,,,,,,
,,,,,,,,
,,,,,,,,
,,,,,,,,
,,,,,,,,
,MORENA,,,,,,,
,,,,,,PES,PES,
,PVEM,,,,PT,,,
,,,,,,,Ns/Nc,Ns/Nc
,,,,,,,,
,,,,,,,,
,,,,,,,,
,,,,,,,,
,,,,,,,Ns/Nc,
,,,,,,,,
,PRI,,,,MORENA,MORENA,MORENA,
,PRI,,,,,MORENA,MORENA,
,PVEM,,,,Ns/Nc,MORENA,Ns/Nc,
,,,,,,,,
,,,,,Ns/Nc,PRI,,
,,,,,,MORENA,,
,,,,,,,,
PAN,Ns/Nc,,,Ns/Nc,Ns/Nc,MORENA,PAN,
,,,,,Ns/Nc,,,
,,,,,,,,
,,,,,,,,
,PVEM,,,,PVEM,MORENA,MORENA,MORENA
,,,,,,MORENA,MORENA,MORENA
,,,,,,,,
,,,,,,,,
,,,,,,MORENA,MORENA,
,,,,,,MORENA,MORENA,
,PVEM,MORENA,,PVEM,PVEM,MORENA,,
,,,,,,,,
,,,PRI,,,,,
,,,,,,,,
,,,,,,,,
,PT,MORENA,,MORENA,PT,,,
,,,,,,MORENA,,
,,,,Ns/Nc,,,,
,,,,,,,,
,,,,,,,,
,,,Ns/Nc,,PVEM,,Ns/Nc,
,,,,Ns/Nc,,MORENA,MORENA,
,,,,,,,MORENA,MORENA
,,,,,,,,
,,,,,,,,
,PVEM,,,,PRI,,MORENA,PRI
,,,,,,,,
PVEM,PVEM,,,PAN,PVEM,MORENA,PRD,MORENA
,,,,,,,,
,,,,PVEM,,,,
,,,,,,,,
,,,,,,MORENA,MORENA,
,,,,,,,,
,,,,,,,,
,,,,,,,,
MORENA,PRI,,,MORENA,,MORENA,PRD,
PRI,,,,,PVEM,,,
,,,,,,,,
,,,,,,,,
,,,,,,,,
,,,,,,MORENA,,
,,,,,,,Ns/Nc,
,,Ns/Nc,,,Ns/Nc,,,
,PVEM,,,,MORENA,,,
,,,,,,MORENA,MORENA,
,,,,,,,,
,,,,,,MORENA,MORENA,
,,,,,,,,
,,,,,Ns/Nc,,,
,,,,,MORENA,,,
MORENA,,MORENA,MORENA,,PVEM,MORENA,MORENA,
,,,,,,,,
,,,,,,,,
,,,,,,,,
,,,,,Ns/Nc,,,
,,,,,Ns/Nc,Ns/Nc,Ns/Nc,
MORENA,,Ns/Nc,,,,MORENA,MORENA,
,,,,,,,,
,,,,,,,,
,,,Ns/Nc,,,MORENA,Ns/Nc,Ns/Nc
,,,,Ns/Nc,,,,
,,,,,,,,
,,,,,,,,
,,,,,,MORENA,,
,,,,,,,,
,,,,,,,,
,,,,,,,,
,,,,,,,,
,,,,,,,,
,,,,,,,,
,,PRI,,,,MORENA,PRI,
,,,,,,,,
,,,,,,,,
,,,,,,,,
,,,,,,MORENA,MORENA,
,,,,,,,Ns/Nc,
,,,,,,,,
,,,,,,PRI,PRI,
,,,,,,,,
,,,,,,,PAN,
,,PVEM,,,,,,
,,,,,,,,
,,,,,,MORENA,,
,,,,,,,,
,,,,,,,,
,,,,,,,,
,,,,,,MORENA,,
,,,,,,,,
,,,,,,,,
,,,,,PVEM,,,
,PAN,,,PVEM,PVEM,MORENA,MORENA,PRI
,PRI,,,,PVEM,,MORENA,
,,,,,,,PRI,
,,,,,PVEM,,PRI,
,,,,,,,,
,,,,,,,PAN,
,PVEM,,,,,PRD,MORENA,
PES,PVEM,,PRD,PES,PVEM,MORENA,,
,,,,,,,PAN,
,,,,,,MORENA,,
,,,,,,,,
,,,,,,MORENA,,
,,,,,,,,
,PVEM,,,,,,,
,PVEM,,,,,,PRI,
,MORENA,,,,Ns/Nc,Ns/Nc,Ns/Nc,
,,,,,,MORENA,,
MORENA,MORENA,MORENA,MORENA,MORENA,MORENA,MORENA,MORENA,MORENA
,,,,,,,,
,PRI,,,,,,,
MORENA,,,,,,MORENA,MORENA,
,,,,,,,,
PRD,PRI,,PRD,,PVEM,,MORENA,
,,,,,,,MORENA,
MORENA,PVEM,,,,PVEM,MORENA,MORENA,MORENA
,,,,,,,,
,,,,,,,,
,,,,,,,MORENA,
,,,,,,MORENA,MORENA,
,,,,,,,,
,,,,,,,,
MORENA,,,,,,,MORENA,
,,,,,,,,
MORENA,,,,,,MORENA,MORENA,MORENA
PVEM,PVEM,,MORENA,,PVEM,MORENA,MORENA,
,,Ns/Nc,,,,,,
,,,,,,,,
,,,,,,,,
MORENA,PVEM,MORENA,MORENA,PVEM,MORENA,MORENA,MORENA,MORENA
,,,,,,,,
,,,,,,,,
PVEM,,,,,PVEM,MORENA,MORENA,
,MORENA,MORENA,MORENA,,MORENA,,MORENA,MORENA
,PAN,,MORENA,PVEM,MORENA,,,PRI
MORENA,,,,,MORENA,MORENA,MORENA,
,PRI,,,,PVEM,MORENA,,
,,,,,PVEM,MORENA,,
,,MORENA,,,,,,
,,MORENA,,,,,,
,,,,,,,MORENA,
,,,,,,,PRI,
,,,,,,MORENA,,
MORENA,,MORENA,,,PVEM,MORENA,MORENA,MORENA
,,,,,MORENA,,,
,,,,,,,,
,,,,,,,,
,,,,,,MORENA,,
,,,,,MORENA,,MORENA,
,,,,,,MORENA,MORENA,
MORENA,PRI,,MORENA,PVEM,MORENA,MORENA,MORENA,MORENA
,,,PRD,,,,,
,,,Ns/Nc,,PVEM,,MORENA,
,,,,,MORENA,MORENA,MORENA,
,,,,,PT,,,PRI
,,,,,PRI,MORENA,MORENA,
,,,,,,,,
,,,,,PVEM,,,
,,,,,PVEM,,,
,,,,,,,,
,,,,,,,,
,,,,,,,MORENA,
,,,,,MORENA,,,
PVEM,,,,,MORENA,,,
,,,,,,,,
,,,,,,,,
,,,,Ns/Nc,Ns/Nc,,,
,,,,,,,,
,,,MORENA,,PVEM,,PRI,
,,,,,,,,
,,,,,MORENA,,,
,PVEM,PVEM,,PRD,,MORENA,PRD,PRD
,,MORENA,MORENA,,MORENA,MORENA,MORENA,MORENA
,Ns/Nc,MORENA,Ns/Nc,,PVEM,Ns/Nc,Ns/Nc,
,,,,,,,,
,,,,,,,,
,,,,,PVEM,,,
,,MORENA,,,,MORENA,MORENA,
,,,,,,,,
,,,,,,,,
,,,,,,,,
,,MORENA,,,,,MORENA,
,,,,,,,,
,,,,,,,,
,,,,,,MORENA,MORENA,
MORENA,,,,,,,,
,,,,,,,,
,,,,,,,,
MORENA,PVEM,,MORENA,PVEM,PVEM,MORENA,MORENA,MORENA
,,,,,PVEM,PRI,,
,,,,,,,,
MORENA,PRI,,MORENA,,MORENA,MORENA,MORENA,PRD
,,,,,,,,
,,,,,,,,
,,,,,PRI,,,
,,,,,,,,
,,,,,,,,
,,,,,PVEM,,,
,,,,,PVEM,,,
MORENA,PVEM,,PRI,PVEM,PVEM,MORENA,MORENA,PAN
,,,,,PVEM,,,
,,,,,PVEM,,PRD,
,PVEM,,,,MORENA,MORENA,MORENA,PRD
,,,,,,MORENA,,
,,,,,,,,
,,,,MORENA,,,,
,,,,,,,MORENA,MORENA
,,,,,,,,
,,,,,,PRD,PRI,
,,,,,,MORENA,,
,,,,,,,,
,,,,,,,,
,,,,Mover a Chiapas,,,,
,,,,MORENA,,MORENA,,
MORENA,,,,MC,PVEM,MORENA,PRI,
,,,,,,,,
,,,,Mover a Chiapas,,,PVEM,
,,,,MORENA,,,,
,,,,,MORENA,MORENA,MORENA,
MORENA,,,,,,MORENA,MORENA,MORENA
,,,,,,,,
,,,,,,,,
,,,,,,,PRI,
,,,,,PVEM,,,PRI
,,,,,,,MORENA,PRI
,,,,,,,,
,,,,,PRI,,PAN,
,,,,,,,,PAN
,,,,,,MORENA,MORENA,
,,,,,,,,
,,,,PES,,MORENA,,
,,,,,,,,
,,,,,,,,
,,MORENA,,PVEM,PRI,MORENA,,
,,,,,,,,
,,,,,,,,
,,,,,,,,
,,,,,,,,
PVEM,,MORENA,MORENA,,PVEM,,MORENA,MORENA
,,,Mover a Chiapas,,,,,
,,,,,,,,
,MORENA,,MORENA,MORENA,PRI,,,
,,,,,,,PRI,
,,,,,,,,
,,,,,,,,
,,,,,,,,
,,,,,,,,
,,,,,MORENA,MORENA,MORENA,MORENA
,,,,,,,,
,,,,,,,,
,,,,,,,,
,,,,,,,,
,,,,,,,,
,,,,,,,,
,,,,,,MORENA,MORENA,
,,,,,,Ns/Nc,,
,,Ns/Nc,,,,,,
,PVEM,,Ns/Nc,,,,,
,,,,,,,,
,,,,,,,,
,,,,,,,,
,,,,,,,,
,,,,PVEM,,,MORENA,
,,,,,,,,
,,,,,,,,
,,,,,PRI,,PRI,
,,,,,,,,
,,,,,PVEM,,,
,,,,,,,,
,,,,,,,,
,,,,,,,,
,,,,,,,,
,,,,,,,,
,,,,,,,,
,,,,PAN,Ns/Nc,MORENA,MORENA,MORENA
,,,,,Ns/Nc,,,
,,,,,,,,
,,,,,,,,
,,,,,PVEM,,,
,,,,,,,,
,,,,,,,,
,,,,,,,,
,,,,,,,,
,,,,,,,,
,,,,,,,,
,,PRD,,PAN,,,,
,,,,,MORENA,MORENA,MORENA,MORENA
,,,,,,,MORENA,
,,,,,,,,
,Ns/Nc,,PRI,,MORENA,MORENA,MORENA,Ns/Nc
,,,,,,,,
,,,,,,,,
,,,,,,,,
,,,,,,,,
,,,,,,,,
,,,,,MORENA,,MORENA,
,,,,,,,,
,,,,,,Ns/Nc,,
,,,,,,,,
,,,,,,,,
,,,,,,,,
,,,,,,,,
,Ns/Nc,,,,,,,
,,,,,,MORENA,,
,,,,,,MORENA,MORENA,MORENA
,,,,,,MORENA,PRI,
,,,,,,,,
,,,,Ns/Nc,,,,
MORENA,MORENA,,Ns/Nc,,MORENA,MORENA,MORENA,
,,,,,,,,
,Ns/Nc,,,,,,,
Ns/Nc,Ns/Nc,,,,Ns/Nc,,MORENA,Ns/Nc
Ns/Nc,,,,,,,,Ns/Nc
,PVEM,,,,,MORENA,,
,,,,,,MORENA,MORENA,MORENA
,,,,,,,,
,,,,,,,,
,,,,,,,,
,,,,,,,,
,,,,,,,PRI,
,,,,,,,,
,,,,,,,,
PVEM,PVEM,,,Mover a Chiapas,PVEM,MORENA,PRD,MORENA
,,,,,PVEM,,MORENA,
,,,,,,,,
,,,,,,,,PRI
,,,,,,,,
,PRI,,,,,,,
,,,,,,MORENA,PRI,
,,,,,,,,
,,,,,,,,
MORENA,,,,,,MORENA,PRI,
,,,,,,,,
,,,,,PRD,,,
,,,,,,,,
,Ns/Nc,,,,PVEM,Ns/Nc,MORENA,MORENA
,,,,,,,,
,,,,,,,,
,,,,,,PRD,,
,PVEM,,,,PVEM,MORENA,,MORENA
,,,,,,,,
,,,,,,,,
,,,,,,MORENA,PAN,
,,,,,,,,
MORENA,,,,Mover a Chiapas,MORENA,,,
,,,,,PRD,,,Ns/Nc
,,,,,,,,
,,,,,,,,
,,,,,,,,
,,,,,,,,
,,,,,PRI,,,
,,,,,,,,
,,,,,PVEM,,,
PVEM,,,,,PVEM,MORENA,,
,PT,,,PRI,,,,
PVEM,,,,,MORENA,MORENA,,
,,,,,,,PRI,
,,,,,,,,
,,,,,,,,
,,,,,,,,
,,,,,,MORENA,,
,,,,,,,,
,,,,,,,,
,,,,,,,,
,,,,,,,,
,,,,,,MORENA,MORENA,
PRI,,,,PRD,,PRD,PAN,
,,,,,,,,
,,,,,,,,
,,,,,,,,
,,,,,,,,
,Ns/Nc,,,,,,,
,,,,,,,PRD,
,PRI,,,,MORENA,MORENA,MORENA,
,,,,,,,,
,,,,,,MORENA,,
,,,,,,,,
,,,,,,,,
,,,,,Ns/Nc,,,
,,,,,,,,
,,,,,,,,
,,,,,,,,
,,,,,,,,
,,,,,Ns/Nc,MORENA,,MORENA
,,,,,,,,
,,,,,,,,
,,,,,,,,
,PRI,,,Ns/Nc,MORENA,Ns/Nc,MORENA,MORENA
,,,,,,,,
,,,,,MORENA,,,
,,,,,,,,
,,,,,,MORENA,MORENA,
,,PVEM,,,,,,
,,,,,,,,
,,,,,,,Ns/Nc,
,,,,,,,,
,,,,,,,,
,PVEM,,,PVEM,PVEM,MORENA,,
,,,,,,,,
,,,,,,,,
Ns/Nc,,,,,,,Ns/Nc,
,,,,,,,,
,,,,,,,,
,,,,,,,,
,,,,,,,,
,,,,,,,,
,,,,,,,,
,,,,PVEM,,MORENA,MORENA,
,,,,,,Ns/Nc,MORENA,
PRI,PVEM,,,,PAN,MORENA,MORENA,MORENA
,PVEM,,,,,,,
,,,,PES,,,,
,,,,,,,PAN,
,,,,,,,,
,PVEM,,,,,,MORENA,
,,,,,,,,
,,,,,,,,
,,,,,,,,
,,,,,,,,
,,,,,MORENA,,MORENA,
,,,,,,,,
,,,,,,,PRI,
PVEM,,MORENA,,,,,,
,,,,,,,,
,,,,,,,PRI,
,,PVEM,,PVEM,PVEM,,PAN,
PAN,,MORENA,,PVEM,PVEM,MORENA,,
PRI,,MORENA,,,PVEM,MORENA,MORENA,
,,,,,,,,
,,,,,,,,
,,,,,,,,
,,,,,,,,
,,,,,MORENA,MORENA,MORENA,
PRI,,,,,,,,
MORENA,,,,Ns/Nc,,MORENA,MORENA,
,,,,,,,,
MORENA,,,MORENA,,MORENA,MORENA,MORENA,
,,,,,,,,
MORENA,PVEM,,MORENA,,MORENA,MORENA,MORENA,MORENA
,,,,,,,,
PVEM,,MORENA,,,PVEM,,,
MORENA,PVEM,,MORENA,PVEM,MORENA,,PRD,MORENA
MORENA,PVEM,,MORENA,PES,MORENA,MORENA,MORENA,MORENA
,,,,,,,,
,,,,Ns/Nc,,,,
,,,,,,,,
,,MORENA,,,,,,
,,,,,Mover a Chiapas,,,
,,MORENA,,,,,,
,,,,,,,,
,,,,,,,,
,,,,,,,,
,,,,,MORENA,,,MORENA
,,,,,,,,
,,,,,,,,
,,,,MORENA,PVEM,,,
,,,,,,,,
,,,MORENA,,,,,
,,,,,,,,
,,,,,,MORENA,MORENA,
,,,,,,,,
,,,,,,,PVEM,
,,,,,PVEM,,,
,,,,,,,,
PRD,,,,PAN,,PVEM,MORENA,
,,,,,,,,
,,,,,,,,
,,,,,,,,
,,,,,,MORENA,,
,,,,,,,,
,,,,,,,,
,,,,,,,,
,,,,,,,,
,,,,,,MORENA,PRI,
,,,,,,,,
,,,,,,,,
,,,,,,,,
,,,,,,,,
,,,,,,,,
,,,,,,,,
,,,,,,,,
,,,,,,,,
,,,,,,,,
,,,,,,,,
,,,,,,,,
,,,,,,,,
,,,,,,,,
,,,,,,,,
PAN,PRI,PVEM,,,PVEM,,,
,,,,,,,,
,PRI,,,,,,,
,,,,,,,Ns/Nc,
,PVEM,,,,PAN,MORENA,PRD,
,,,,,,,,
,,,,,,Ns/Nc,PRI,
,,,,,,,PRI,
,,,,,,,,
,,,,,,,,
,,,,,,,,
PRD,PVEM,,,,,MORENA,PRD,
,PRI,,,,PVEM,MORENA,,
,,,,,,,,
,,,,,,,,
,,,,,,,,
,,,,,,,,
,,,,,,,,
,,,,,,Ns/Nc,Ns/Nc,
,,,,,,MORENA,,
,,,,,,,,
,MORENA,,MORENA,,,,,
,,,,,,MORENA,,
,,,,,,,,
,,,,,,,,
,PRI,PAN,,,PVEM,Ns/Nc,,PES
,,,,,Ns/Nc,,,
,,,,,,,,
MORENA,PT,,,,Ns/Nc,MORENA,MORENA,PT
MORENA,,MORENA,,MORENA,,,MORENA,MORENA
,PRI,,,,,,,
,Ns/Nc,,,Ns/Nc,,,Ns/Nc,
,,,,,,,Ns/Nc,
,Ns/Nc,,,,,,,
,Ns/Nc,Ns/Nc,Ns/Nc,Ns/Nc,Ns/Nc,Ns/Nc,Ns/Nc,Ns/Nc
,PRI,,,,,,,
MORENA,PVEM,,,PRD,PVEM,MORENA,MORENA,MORENA
,,,,MORENA,,,,
PRI,PT,PAN,,,,,MORENA,
,,,,,,,,
,,,,,,,,
,,,,,,,,
,,,,,,,,
,,,,,,,,
,,,,,,,,
,,,,,PVEM,,,
,,,,,,,,
,,,,,Ns/Nc,,,
,,,,,,,,
,,,MORENA,,,,,
,,,,,,,,
,,,,,,,,
,,,,,,,,
,,,,,,,,
,,,,,,,,
,,,,,,,,
MORENA,,,MORENA,,MORENA,,MORENA,
,,,,,,,,
,,,,,,,,
,,,,,,,,
,,,,,,,,
,,,,,,,,
,,,,,,,,
,,,,,,,,
,,,,,,,,
,,,,,,,,
,,,,,,,,
,,,,,,,,
,,,,,,,,
,,,,,,,,
,,,,,,,,
,,,,,,,,
,,,,,,,,
,,,,,,,,
,,,,,,,,
,,,,,,,,
,,,,,,,,
,,,,,,,,
,,,,,,,,
,,Ns/Nc,,,,,,
,,,,,,,,
,,,,,,,,
,,,,,,,,
,,,,,,,,
,,,,,,,,
,,,,,,,,
,,,,,,,,
,,,,,,,Ns/Nc,
,,,,,,,,
PRI,,,,,PVEM,,PRI,
,,,,,,,,
,,,,,,,,
,,,,,,,,
,,,,,,,,
,,,,,,,,
,,,,,,,,
,,,,,,,,
,,,,,,,,
,,,,,,,,
Ns/Nc,PVEM,,,MORENA,,MORENA,,
,,,,,,,PRD,
,,,,,,,,
,,,,,,,,
,,,,,PVEM,,Ns/Nc,
,,,,,,,,
,,,,PES,MORENA,,,
,,,,,PAN,,PT,
,,,,PVEM,,MORENA,MORENA,
,,,,,,MORENA,MORENA,
,,,,,,,,
,,,,PES,MORENA,,,
,,,,,MORENA,,,
,,,,,,,MORENA,
MORENA,PRI,,MORENA,PRI,PRI,,PRI,PRI
,,,,,MORENA,MORENA,,
,,,,PANAL,,,,
,,,,,,,PRD,
,,,,,PVEM,MORENA,MORENA,MORENA
MORENA,MORENA,,MORENA,PES,MORENA,MORENA,MORENA,MORENA
,,,,,,,,
,,,,,,,,
,,,,,,,,
,,,,,PVEM,,,
,,,,,,,,
,,,,,,,,
,,,,,,,MORENA,
,,,,,,,,
,,,,,,,,
,,,,,,,,
,,,,,,,,
,,,,,,,,
MORENA,PVEM,MORENA,MORENA,PES,PVEM,MORENA,,MORENA
MORENA,,,,,MORENA,,PRI,
,,,,,,,,
,,,,,,,,
,,,,,PVEM,MORENA,MORENA,
,MORENA,,,,,,,
,,,,,,,,
,,,,,PVEM,,,
,,,,,PVEM,,,
,,,,,,MORENA,MORENA,MORENA
,,,Ns/Nc,Ns/Nc,MORENA,,Ns/Nc,
,,,,,,,,
,,,,MORENA,,MORENA,,
,,,,,,,MORENA,
,,,,,,,,Ns/Nc
,,,,,PT,MORENA,,
,,,,,,,Ns/Nc,
,,,,,,,,
,,,,,,,,
,,,,,,,,
,,,,MORENA,MORENA,,,
,,,,,,,,
,,,,,,,,
,,,,,PVEM,,,
,,,,,MORENA,,,
,,,,,PVEM,,,
,,,,,,,,
PVEM,,,,,PVEM,,,
PVEM,,,,,,,,
,,,,,MORENA,,,
,,,,,,MORENA,,
,,,,,,,,
,,,PVEM,,,,,
,,,,,,,,
,,,,,PRI,,,
,,,,,,,,
,,,,,MORENA,,MORENA,
,,,,,,,,
,,,,,,MORENA,,
,,,,,,,,
,,,,,,,,
,,,,,,,,
,,,,,,,,
,,,,,,,,
,,,,MORENA,PRI,MORENA,MORENA,MORENA
,,,,,,,,
,,,PVEM,,PVEM,,,
,,,,,,,,
,,,,,,,,
,,,,,,,,
,,,,,,,,
,,,,,,,,
,,,,,,,,
,,,,,,,,
,,,,,,,,
,,,,MC,Ns/Nc,,,
,,,,,,,,
,,,,,PVEM,MORENA,PRI,
,,,,,,,PRI,
,,,,,,,,
,,,,,,,,
MORENA,PRI,,MORENA,,MORENA,MORENA,MORENA,
,,,,,,,,
,PRI,,Chiapas Unido,PES,PVEM,MORENA,PRD,PRD
,,,,,,,,
,,,,,,MORENA,MORENA,MORENA
,,,,,,MORENA,MORENA,
,,,,,,MORENA,PRI,
PRI,PRI,,,PES,MORENA,,PRD,
,,,,,,,,
,,,,Ns/Nc,,,,
,,,,,,,,
,PRI,,,,,,MORENA,
,,,,,,,,
,,,,,,,,
,,,,,,,,
,,,,,,,,
,,,,,,,,
,,,,,,,PRI,
,,,,,,,,
,,,,,,,MORENA,
,,,,,,,,
,,,,PES,PRI,,,
,,,,,,,,
,PRI,,,PT,MORENA,,MORENA,
,,,,,,,,
,,,,,,,,
,,,,,,,,
,,,MORENA,,,,PRI,PRI
,,,,,,MORENA,,
,,,,,,,,
,,,,,,,,
,PVEM,,,,,,MORENA,
,PT,,,,,MORENA,MORENA,MORENA
,,,,,,,,
,,,,,,MORENA,,
,PVEM,,,,,MORENA,MORENA,
,,,,,,,MORENA,
,,,,,,,,
,,,,,,,,
,,,,MORENA,PRI,,PRI,
MORENA,PVEM,MORENA,PRD,PVEM,PVEM,MORENA,MORENA,MORENA
,,,,MORENA,,MORENA,MORENA,MORENA
,,,,,,,,
MORENA,PVEM,,PVEM,PVEM,PVEM,MORENA,,
,,,,,MORENA,,MORENA,
,,,,,,,,
,,,,,,,,
,,MORENA,,,PRD,,,
,,,,,,,,
,,,,,,,,
,,,,,,,,
,,,,,,,,
,,,,,,,,
,,,,,,,,
,,,,,,,,
,,,,,,,,
,,,,,,,,
,,,,,PVEM,MORENA,,
,,,,,MORENA,,,
,,,,,PVEM,,,
,,,,,PVEM,,,
,,,,,PVEM,,,
,,,,,,,,
,,,MORENA,,PVEM,,,
,,,,,,,MORENA,
,,,,,,,,
,,,,,PVEM,,,
MORENA,,MORENA,,MORENA,PRD,,PRI,
MORENA,,,,,PVEM,MORENA,PRI,
,,,,,PRI,,,
,,,,,PVEM,,,
,,,,,,,,
,,,,,Ns/Nc,Ns/Nc,Ns/Nc,
,,,,,PVEM,MORENA,,
,PRD,,MORENA,PVEM,MORENA,MORENA,MORENA,MORENA
,,,,,,,Ns/Nc,
,,,,,PVEM,MORENA,,
,,,,,,MORENA,,
,,,,,PVEM,MORENA,,
,,,,,PVEM,MORENA,PRI,
MORENA,,MORENA,,,,,,
,,,,,,,,
,,,,,,,Ns/Nc,
,,PT,,,,,,
,,,,,,,,
,,,,,,,MORENA,
,,,,,,,,
,,,,,,Ns/Nc,,
,,,,,,,,
,,,MORENA,,PVEM,MORENA,,
,,,,Ns/Nc,,,,
,,,,,,,,
,,,,,,,,
,,,,,,Ns/Nc,,
PRI,,,MORENA,,PVEM,,,
,,,,,,,,
,,,,,Ns/Nc,PRI,,
,,,,,,,,
,,,,,,,,
,,,,,,MORENA,,
,,,,,,,,
,,,,,,MORENA,MORENA,
PRI,,,PRI,PT,PRI,MORENA,Ns/Nc,
,,,,,,,,
,,,,,Ns/Nc,,,
,,,,,,,PRI,
,,,,,,,,
PRD,,,MORENA,PVEM,PVEM,PRD,PRD,PRD
,,,,,,,,
,,,,,,,,
,,,,PVEM,,MORENA,MORENA,PAN
,,,,,,,,
,,,,,,,,
,,,,,,,,
,,,,,,PAN,,
,,,,,,,,
MORENA,PVEM,,PVEM,MORENA,PVEM,MORENA,PRD,
PRI,,,,PES,MORENA,MORENA,MORENA,
,,,,,,,,
,,,,,,,,
,,,,,,MORENA,,
,,,,PRI,,,MORENA,
,,,,,,,,
,,,,,,,,
,,,,,,,,
,,,,,,,,
,,,,,,,,
,,,,,,,,
,,,,,,,,
,,,,,,,,
,,,,,,,,
,,,,,,,,
MORENA,,PRD,,,PVEM,,,MORENA
,,,,,,,,
,,,,,MORENA,,,
,,,,,,,,
MORENA,,PRD,,,MORENA,MORENA,MORENA,
,,,,,,,,
MORENA,,MORENA,,PVEM,PVEM,MORENA,MORENA,
,,,,,,,,
,,,,,,,,
,,,,PVEM,,,,
MORENA,,,,,PRI,MORENA,PRI,
Ns/Nc,,Ns/Nc,,,Ns/Nc,,,
MORENA,,MORENA,,PVEM,PVEM,MORENA,PRD,MORENA
,,,,,,,,
,,,,,,,,
,,,,,,,,
,,,,,,,,
,,,,,,,,
MORENA,,,PVEM,PVEM,PVEM,,MORENA,
,,,,,,,,
,PVEM,MORENA,,PVEM,PVEM,MORENA,MORENA,
,,,,,,,,
MORENA,,MORENA,,PRI,PVEM,MORENA,MORENA,MORENA
,,,,,,,,
PVEM,,PRI,,PAN,PVEM,,PRI,MORENA
,,,,,,,,
PVEM,PRI,PRD,PVEM,PAN,PVEM,MORENA,PRD,MORENA
,,,,,,,,
MORENA,PVEM,MORENA,MORENA,,,,MORENA,
,,,,,,,,
MORENA,,,MORENA,PVEM,PVEM,,,
,,,,,,,,
,,,,,,,,
,,MORENA,,,PVEM,,,
,,,,,,MORENA,,
,,,,,,,,
,,,,,,,,
,,,,,,,,
,,,,,,,,
,,,,,,,,
,,,,,,,MORENA,MORENA
,,,,,,,,
MORENA,PRI,,MORENA,PES,PVEM,MORENA,MORENA,MORENA
PRI,Ns/Nc,,MORENA,MORENA,PVEM,MORENA,,MORENA
,,,,,,,,
,Ns/Nc,,,,,,,
,Ns/Nc,,,,,,,
,,,,,,,,
,,PAN,,,Ns/Nc,MORENA,MORENA,PRI
MORENA,,,,,MORENA,MORENA,MORENA,MORENA
,,,,,,,,
,,Ns/Nc,,,PVEM,,Ns/Nc,
,,,,,,,,
,,,,,,,,
,,,,,,,,
,,,,,,,,
,,,MORENA,,,,,
,,,,,,,,
,,,,,,,,
,,,,,,,,
,,,MORENA,,PRI,,,
,,,,,,,,
,,,,,,,,
,,,,,,,,
,,,,,,,,
,,,,,,,,
,,,,,,,,
,,,,,,,,
,,,,,,,,
,,,,,PRD,,,
,,,,,,,,
,,,,,PVEM,,Ns/Nc,
,,,PRI,,,,,
,,,,,,,,
,,,,,PVEM,,PRI,
,,,,,,MORENA,MORENA,
,,,,,,,PRI,
,,,,,,,,
,,,,,,,,
,,,,,,,,
,,,,,MORENA,,,
,,,,,,,,
,,,,,,,,
,,,,,,,,
MORENA,,MORENA,,,MORENA,MORENA,MORENA,PRI
,,,,,,,,
,,,,PAN,,,,
,,,,,,,Ns/Nc,
,,,,,,,,
,,,,Ns/Nc,Ns/Nc,,,
,,,,,,,,
,,,,,,,,
,,,,,,,,
,,,,,,,,
,,,,,PRD,MORENA,MORENA,
,,,Ns/Nc,,PVEM,,PAN,
,,,,,,,,
,,,,PES,PVEM,MORENA,MORENA,MORENA
,,,,,,,,
,,,,,,,,
,,,,,,,,
,,,,,,,,
,,,,,,,,
PT,,,,,,MORENA,,
,,,,,,,,
,,,,,,,,
,,,,,,,,
,,,,,,,,
,,,,,,,,
,,,,,,,,
,,,,,,,,
,,,,,,,,
,,,,,,,,
,,,,MORENA,PVEM,,PRD,MORENA
,,,,,,,,
,,,,,,,,
,,,,,,,,
,,,,,,,,
,,,,,,,,
,,,,,,,,
,,,,,,,,
,,,,,,,,
,,,,,,,,
,,,,,,,PRD,
,,,,,,,,
,,,,,,,,
,,,,,,,,
,,,,,,,,
,,,,,,,,
,,,,,,,MORENA,
,,PRI,,,,,PAN,
MORENA,,,,PRI,MORENA,MORENA,MORENA,MORENA
,,,,,,MORENA,MORENA,
,,,,,,,,
,,,,,,,,
,,,,,,,PAN,
,,,,,,,,
,,,,,PRI,MORENA,MORENA,MORENA
MORENA,,,MORENA,,PVEM,MORENA,MORENA,MORENA
,,,,,,,,
,,,,,,,,
,,,,,,,,
Ns/Nc,,,,,Ns/Nc,,Ns/Nc,
,,,,,,,MORENA,
,,,,,,,,
,,,,,,,,
,,,,Mover a Chiapas,PVEM,,,
,,,,,,Ns/Nc,,
,,,PRI,,,MORENA,MORENA,
MORENA,,,,,,,MORENA,
,,,,,,MORENA,,MORENA
,,,,,,,,
,,,,,,,,
,,,,,,,,
,,,,,,,,
,,,,,,,,
,,,,,,,,
,,,,,,MORENA,PAN,
,,,,,,,,
,,,,,,,,
,,,,,,,,
,PRI,,,,,,,
,,,,,,,,
,,,,,,,,PRI
,,,,MORENA,,,MORENA,
,,,,,,MORENA,MORENA,MORENA
,,,,,,,MORENA,
PRI,,,Ns/Nc,PVEM,,PRI,PRI,PAN
,,,PRI,,,,,
,,,,,,,,
,,,,,,,,
,,,,,,,,
,,,,,,,,
,,,,,,,,
,,,,,,,,
,,,,,,,,
,,,,,,,,
,,,,,,MORENA,MORENA,
,,,,,,,,
PVEM,,,,,,MORENA,,
,,,,,,,,
,,,,,,,,
,,,,,,,,
,,,,,,,,
,,,,,,,,
,,,,,,,,
,,,,,,,,
,,,,,,Ns/Nc,,
,,,,,,,,
,,,,,,,,
,,,,,,,,
PRD,PRD,,MORENA,PT,MORENA,,,
,,,,,,,,
,,,,,,,,
,,,,,,MORENA,,
,,,,,,,,
,,,,,,,,
,,,,,,,,
,,,,,,,,
,,,,,,,,
,,,,,,,,
,,,,,,,,
Ns/Nc,,,,,,,,
,,,,,,,,
,,,,,,,,
,,,,,,,,
,,,,,,,,
,,,,,,,,
,,,,,,,,
,,,,,,,,
,,,,,,,,
,,,,,,,,
,,,,,,,,
,,,,,,,,
,,,,,,,,
,,,,,,,,
,,,,,,,,
,,,,,,,,
,,,,,,MORENA,,
,,,,,,,,
,,,,,,,,
,,,,,,,,
,,,,,,,,
,,,,,,,,
,,,,,,,,
,,,,,,,,
,,,,,,,,
,,,,,,,,
,,,,,,,,
,,,,,,,,
,,,,,,,,PRI
,,,,,,,,
,,,,,,MORENA,MORENA,
,,,,,,,,
,,,,,,,,
PRI,PVEM,,MORENA,PVEM,PVEM,,MORENA,
,,,,,,,MORENA,
,,,,,,,,
MORENA,PVEM,,MORENA,PVEM,PVEM,MORENA,MORENA,MORENA
,,,,,,,PRI,
,,,,PANAL,PVEM,,PRD,
MORENA,,PAN,,PVEM,PVEM,MORENA,MORENA,MORENA
,,,,,,,,
,,,,,,,,
,,,,,,,,
,,,,,,,,
,,,,,,,,
,,,,,,MORENA,MORENA,
,,,,,,,,
,,,,,PVEM,,,
,,,,Ns/Nc,,,,
,,,,,,,,
,,MORENA,,PVEM,,MORENA,MORENA,
,,,,,,MORENA,,
,,,,,,,MORENA,
,,,,,,,,
MORENA,PVEM,MORENA,MORENA,PVEM,PRD,MORENA,MORENA,MORENA
MORENA,PVEM,,MORENA,PVEM,MORENA,MORENA,MORENA,MORENA
,,,,,,,,
,,,,,,,,
,,,,,MORENA,MORENA,,
PVEM,,MORENA,,,,MORENA,,
,,MORENA,,,,,,
,,,,,,,,
,,,,,,,,
PAN,,,,,PVEM,,,
,,,,,,,,
,,,,,,MORENA,,
,,,,,PVEM,,,
MORENA,,,,,PVEM,MORENA,PRI,
,,,,,,,,
,,,,,,,,PVEM
,,,,,,,,
,,,,,Ns/Nc,,,
,,,,,PVEM,,Ns/Nc,
,,,,,PVEM,MORENA,MORENA,MORENA
,,,,,,,,
,,,,,PVEM,,,
,,,,,,,,
,,,,,PVEM,,,
PVEM,,,PRD,PRI,PVEM,,PRI,
,,,,,,,,
,,,,,,,,
,,,,,,,,
,,,,,PVEM,,,
MORENA,PVEM,,MORENA,PVEM,MORENA,,,MORENA
,,,,,,MORENA,,
,Ns/Nc,,,,PVEM,,,
,,,,,PVEM,MORENA,PVEM,
,,,,,,,,
,,,MORENA,,MORENA,,MORENA,MORENA
,,,,,MORENA,,,
,,,,,,,,
,,,,,,MORENA,,
,,,,,,,,
,,,,,,,,
,,,,,,,,
,,,,,Ns/Nc,,Ns/Nc,
,,,,,,MORENA,,
,,,,,PVEM,,,
,,,,,PRI,MORENA,MORENA,
,,,,,PVEM,,,
,,,,,PVEM,,,
,,,,,PVEM,,,
,,,,,,,,
,,,,,MORENA,MORENA,,
,,,,,PVEM,,PVEM,
MORENA,,,MORENA,,MORENA,,MORENA,MORENA
,,,,,MORENA,,,
,,,,,,,,
,,,,,,,,
,,,,,,,,
,,,,,,,,
,,,,,,,,
,,,,,,,,
,,,,,,,,
,,,,,,,,
,PRI,,,PES,PVEM,,PAN,
,,,,,,,,
,,,,,,,,
,,,,,,,,
,,,,,,,,
,Ns/Nc,,,,,Ns/Nc,Ns/Nc,Ns/Nc
,,,,,,,,
,,,,,,,,Ns/Nc
,,,,,,MORENA,MORENA,
PVEM,,,PVEM,PVEM,PVEM,MORENA,MORENA,MORENA
,,,,,,,,
,,,,,,,,
,,,,,,,,
,,,,,,,,
,,,,,PRI,,,
,,,,,,,,
,,,,,,,,
,PRI,MORENA,,,PRI,,,
Ns/Nc,,,,,MORENA,MORENA,MORENA,Ns/Nc
,,,,,,MORENA,MORENA,MORENA
,,,,,MORENA,,,
,,,,,,,,
,,,,,,,,
,,,,,PRD,PAN,,
,,,,,,,,
,,,,,,,,
,,,,,MORENA,,,
,,,,,MORENA,,,
,,,,,,,,
,,,MORENA,,,MORENA,MORENA,
,,,,,MORENA,MORENA,,
,,,,,,,,
,,,,,,,,
,,,,,,,,
,,,Ns/Nc,,,,Ns/Nc,
,,,,,,,,
,,,,,,,MORENA,
,,,,,,,,
,,,,,,,,
,,,,,,,,
,,,,,,,,
,,,,,,,,
,,,,,,,,
,,,,,,,,
,,,,,,,MORENA,
,,,,,,,,
,,,,,,,,
,,,,,,,,
,,,,,,,,
,,,,,,,,
,,,,,,,,
,,,,,,MORENA,MORENA,
,,,,,,MORENA,MORENA,
,,,,,,,,
,,,,,,,,
,,,,,,,,
,,MORENA,,,,,,
,,,,,,,,
,,,,,,,,
,,,,,,,,
,,,,,,,,
,,,,,,,,
,,,,,,,,
,,,,,,,,
,,,,,,,,
,,,,,,,,
,,,,,,,,
,,,,,,,,
,,,,,,,,
,,,,,,,,
,,,,,,,,
,,,,,,,,
,,,,,,,,
,,,,,,,,
,,MORENA,,,PVEM,,,
,,,,,,,,
,,,,,,,,
,,,,,,,,
,,,,,,,,
,,,,,,,,
,,,,,,,,
,,,,,PRI,,,
,,,,,,,,
,,,,,,,,
,,,,,,,,
,,,,,,Ns/Nc,,
,,,,,,,,
,,,,,PRI,,,
,,,,,,,,
,,,,,,,MORENA,
,,,,,,,,
,,,,,,,,
,,,,,,,,
,,,,,Ns/Nc,,,
,,,,,,,,
,,,,,,,Ns/Nc,
,,,,,PVEM,,,
,,,,,,,,
,,,,,,,,
,,,,,,,,
,,,,,PVEM,,,
,,,,,,,,
,,,,,,,,
,,,,,,,,
,,,,,,MORENA,MORENA,
,,,,Ns/Nc,PRI,,Ns/Nc,
,,,,,MORENA,,,
,,,,,,,,
,,,,,MORENA,MORENA,MORENA,
,Ns/Nc,,,,,,,
,,,,,,,,
,,Ns/Nc,,,,,,
,,,,,,,,
,,,,,PVEM,,,
,,,,,,,,
,,,,,,,,
,,,,,,,,
,,,,,,,,
,,,,,,,,
,,,,PVEM,,,,
,,,,,,,,
MORENA,,,,,,MORENA,MORENA,MORENA
,,,,,,,,
,,,,,,,,
,,,,,,,,
,,,,,PVEM,,,
,,,,,,,,
,PRI,,,,,,PRI,
,,,,,,,,
,,,,,,,,
,PVEM,,,,,,,
,,,,,,,,
,,,,,,,,
,,,,,,,MORENA,
,,,,,,,,
,,,,,,,,
,,,,,,,,
,,,,,,,,
,,,,,,,,
MORENA,PRI,,,,,MORENA,MORENA,MORENA
,,,,,,,,
,Ns/Nc,,,,,,,
,,,,,,,,
PVEM,PVEM,,,MORENA,,MORENA,MORENA,
,,,,,,,,
,,,,,,,,
,,,,,,,,
PRI,PT,,PVEM,MORENA,MORENA,PRD,PRD,MORENA
,,,,,,,PAN,
,,,,,,,,
,,,,,,,,
,,,,,,,,
,,,,MORENA,,,,
,,,,,,,,
,Ns/Nc,,,,,,,
,,,,,,,Ns/Nc,
,PRI,,,,,MORENA,MORENA,PRI
,,,,,,,,
,,,,,,,,
,,,,,,,,
,,,,,,,PAN,
,,,,,,,,
,,,,,,,,
,,,,,,,,
,,MORENA,,,,,,
,,,,,,,,
,,,,,,,,
,,,,,,,,
,,,,,,MORENA,,
,,MORENA,,,MORENA,,,
,,,,,,MORENA,,
,Ns/Nc,,,,,MORENA,Ns/Nc,Ns/Nc
,,,,,,,Ns/Nc,
,,,,,,,PRI,
,,,,,,,Ns/Nc,
,,,,,,,,
,,,,,,,,
,,,,,,,,
,,,,,,,,
,,,,,,,MORENA,
,,,,,,,,
,Ns/Nc,,,,,,,
,,,,,,,,
,,,,,,,,
,,,,,,,,
,,,,,,,,
,,,,,,,,
PRI,PRI,,PRI,,PVEM,MORENA,MORENA,MORENA
,,,,Ns/Nc,,,Ns/Nc,
,,,,,,MORENA,MORENA,
,,,,,,,,
,,,,,,,,
MORENA,PRI,,,,MORENA,MORENA,MORENA,MORENA
,PVEM,,,,Ns/Nc,MORENA,MORENA,MORENA
,,,,,,,,
,,,,,,,,
,PRI,,,,,,,
,,,,,,,,
,,,,,,,,
,,,,,,,,
,,,,,,,,
,,,,,,,,
,,,,,,,,
Ns/Nc,,,,,Ns/Nc,MORENA,MORENA,MORENA
,,,,,,,,
,,,,,,MORENA,MORENA,
,,,,,,,,
,,,,,,,,
,,,,,,,Ns/Nc,
,PRI,,,,,MORENA,,
,,PRI,,,,,,
,,,,,,,,
,,,,,,,,
,,,,PRI,,MORENA,,
,,,,,,,Ns/Nc,
,,,,,,Ns/Nc,,
,,,,,,,,
,,,,,,,,
,,,,,,,,
,,,,,,,MORENA,
,,,,,,,,
,,,,,,,,
,,,,,,,,
,,,,MORENA,,,,
,,,,,,,,
,,,,,,,,
,,,,,,,,
,,,,,,MORENA,PRI,
,,,,,,,,
,,,,,,MORENA,,
,,,,,,,,
,PVEM,,,,,,MORENA,
,,,,,,MORENA,MORENA,
,,,,,,,,
,,,,,,,PAN,
,,,,,,MORENA,,
,,,,,,,,
,PVEM,,,,,,,
,,,,,,,,
,,,,,,,,
,,,,,,,,
,,,,,,,,
,,,,,,,,
,,,,,,,,
,,,,,,Ns/Nc,,
,,,,,,,,
,,,,,,,,
,,,,,,,,
,,,,,,,,
,,,,,,MORENA,,
,,,,,,,,
,,,,,,,,
,,,,,,,,
,,,,,,,,
,,,,,,,,
,,,,,,,,
,,,,,PVEM,,MORENA,MORENA
,,,,,,,,
,,,,,,,,
,,,,,,,,
,,,,,,,,
PAN,,,MORENA,,PVEM,MORENA,MORENA,
,,,,,,,PRI,
,,,,,,,,
,,,Ns/Nc,MORENA,MORENA,,,
,,,,,,,,
,,,,PVEM,PVEM,,PRD,
,,,,,,,,
,,,,,,MORENA,MORENA,
,,,,,,MORENA,,
,,,,,,,,
,,,,,,,,
,,,,,PVEM,,,
,,,,,,,,
,,,,,,,,
,,,,,MORENA,,,
PRI,,,,,MORENA,,,MORENA
,,,,,,,,
,,,,,,MORENA,,
,,,,,,,,
,,,,,,,,
,,,,,,,,
,,,,PVEM,PVEM,MORENA,MORENA,
,,,,,,,,
,,,,,,,,
,,,,,PRI,,,
,,,,,,,,
,,,,,,,,
,,,,,,,,
,,,,,,,,
,,,,,,MORENA,,
,,,,,,,,
,,,,,,,,
,,,,,,,,
,,,,,,,,
,,,,,,,,
,,,,,,,,
,,,,,,,,
,,,,,,,,
,,,,,,,,
,,,,,,,,
,,,,PES,,,,
,,,,,,,,
,,,,,,MORENA,MORENA,MORENA
,,,,,,,MORENA,
Ns/Nc,,,,,PVEM,,,
,,,,,,,,
,,,,PRI,,,,
,,,,,,,,
,,,,,,,,
,,MORENA,,,,,MORENA,
,Ns/Nc,,,,,,,
,,,,,,,,
,Ns/Nc,,,,,,,
,,,,,,,,
,,,,,,,,
,,,,,,,,
,,,,,,,,
,,,,,,,PRI,
,,,,,,,,
,,,,,,MORENA,MORENA,
,,,,,,,,
MORENA,,,,,,,MORENA,MORENA
,,,,,,,,
,PRI,MORENA,MORENA,MORENA,MORENA,MORENA,PRI,MORENA
,,,,,,,,
,,,,,,PVEM,,
,,,,,,,,
,,,,,,,,
,,,,,,,,
,PVEM,,,PVEM,MORENA,MORENA,,MORENA
MORENA,,,MORENA,,,MORENA,MORENA,MORENA
,,,,,,,,
MORENA,,,,,PVEM,MORENA,MORENA,MORENA
,,,,,,MORENA,,
,,,,,,,,
,,,,,Ns/Nc,MORENA,PVEM,
,,,,,,,Ns/Nc,
,,,,,,,PRI,PRI
,,,,,,MORENA,PRI,
,,,,,,,Ns/Nc,
,,,,,,,,
,,,,,,,,
,,,,,,,,
,Ns/Nc,,,,,,,
,,,,,,,,
,,,,,,,,
,,,MORENA,,PVEM,MORENA,MORENA,
,PVEM,,,,,,,
,,,,,,,,
,,,,,,,,
,MORENA,,,,,,,
,,,,,,,,
,,,,,,,,
,,,,,,,,
,,,,,,,,
,,,,,,,,
,,,,,,,,
,,,,,,,,
,,,,,,,,
,PRI,,,,,,,
,,,Ns/Nc,,,MORENA,Ns/Nc,
,,,,,,,,
,,,,,,MORENA,PRI,
MORENA,PVEM,MORENA,MORENA,PVEM,PVEM,MORENA,MORENA,MORENA
MORENA,,,,,,,MORENA,
MORENA,,,,,,,,
MORENA,PVEM,,,,,PRI,MORENA,PRD
,,,,,,PAN,PRI,
,,,,,,,,
,PRI,,,,,MORENA,,
,,,,,,,,
,,,,,,,,
,,,,,,,,
,,,,,,,,
,,,,,,,,
,Ns/Nc,,,,,,,
MORENA,,,,PVEM,PVEM,MORENA,MORENA,MORENA
,,Ns/Nc,,,,,,
,,,,,,,,
,MORENA,,,,,MORENA,MORENA,MORENA
,,Ns/Nc,,,,,,
,,,,,,,Ns/Nc,
,,,,,,,PRI,
,,,,,,,,
,,,,,,,,
,,,,,,,,
,,,,,,,,
,,,,,,,,
,,,,,,,,
,,,,,PVEM,,,
,,,MORENA,,,,,
,,,,,,,,
,,,,,,,,
,,,,,,,,
Ns/Nc,,,MORENA,,,,Ns/Nc,
,,,,Ns/Nc,PVEM,,,
,,,,,,,,
,,,,,PRI,,,
,,,,,,,,
,,,,,,,,
,PT,,,,,,,
,Ns/Nc,,,,Ns/Nc,,,
,Ns/Nc,,,,Ns/Nc,MORENA,,
,,,,,,,,
,,,,,,,,
,,,,,,,,
,,,,MORENA,,,PRI,
,,,,,,,PRI,
,,,,,,,,
,,,,,,,,
,,,,,,,,
,,,,,,,,
,,,,,,,,
,,,,,,,,
,,,,,,,,
,,,,,,,,
,,,,,,,,
,,,,,,,,
,,,,,,,,
,,,,,,,,
,,,,,,,,
,,,,,,,,
,,,,,,,,
,PT,,,,,,,
,PT,,,,,,PRI,
,,,,,,,,
,,,,,,,,
,,,,,,,,
,,,,,,,,
,,,,,,,,
,,,,,,PRI,,MORENA
,,,,,PAN,,,
,,,,,Ns/Nc,,,
,PAN,,,MORENA,,MORENA,MORENA,
,,,,,,,,
,,,,,,,,
,,,,,,,,
,,,,,,,,
,,,,,,,,
,,,,,,,,
,,,,,,,,
,,,,,,Ns/Nc,,
,,,,,,,,
,Ns/Nc,,,,,,,
,,,,,,,PRI,
,,,,,Ns/Nc,,,
,,,,,,,,
,,,,,,,,
,,,,,,MORENA,MORENA,
,,,,,,,,
,,,,,,,,
,,,,,,,,
,,,,,,,,
,Ns/Nc,,,,,,,
,,,,,,,,
,,,,,,,,
,,,,,MORENA,,PVEM,
MORENA,,,MORENA,MORENA,,,MORENA,PT
,,,,,,,,
,,,,,,,,
,,,,,,,,
,,,,,,,,
,,,,,,,,
,,,,,,,,
,,,,,,,,
,PRI,,,,,,,
PRD,,Chiapas Unido,,,PVEM,,,
,,,,,,,,
,,,,,,,,
,,,,,,,,
,,,,,,,,
,,,,,,,,
,,,,,,,PRI,
,,,,,,,,
MORENA,PVEM,MORENA,MORENA,MORENA,PVEM,MORENA,MORENA,
,,,,,PVEM,MORENA,,
MORENA,,,,,,MORENA,MORENA,MORENA
,PVEM,,,,MORENA,MORENA,PRD,PRD
,PAN,,,,,,PAN,PRI
,,,PT,,,,,
,,,,,,,,
,PT,,,,,MORENA,MORENA,
,,,,,Ns/Nc,,,
,,,,,,,,
MORENA,PRI,PAN,,,PVEM,MORENA,MORENA,MORENA
,,,,,,MORENA,MORENA,MORENA
,,,,,,,,
,,,,,,,,
,,,,,,,,
,,,,,,,,
,,,,,,,,
,,,,,,,,
,,,,,,,,
,,,,,,,,
,Ns/Nc,,,Ns/Nc,,,,
,Ns/Nc,,Ns/Nc,Ns/Nc,Ns/Nc,,,
,,,,,,,,
,,,,Ns/Nc,,MORENA,PRI,Ns/Nc
,Ns/Nc,,,,,,,
,MORENA,,,,,,,
,,,,,,,,
,,,,Ns/Nc,,,,
,,,,,,,,
,PVEM,,,,,,,
,,,,,,,,
,,,,,,,,
,,,,,,,,
,PAN,PT,PRI,,MORENA,MORENA,MORENA,MORENA
,PVEM,,,MORENA,PVEM,MORENA,MORENA,MORENA
,PVEM,,,,,,MORENA,
,,,,,,,,
,,,,,,,,
,PVEM,,,,,,,
,PRI,,,,,MORENA,MORENA,
,,,,,,,,
,,,,,,,,
,,,,,,,,
,,,,,,,,
,,,,,,,,
,,,,,,,,
,,,,,,,,
,,,,,,,,
,,,,,,,,
,,,,,,,,
,PVEM,,,,,MORENA,,
MORENA,PVEM,PVEM,PVEM,PVEM,MORENA,MORENA,MORENA,MORENA
,PT,,,,PVEM,MORENA,,
,,,,,,,,
,,,,,,,,
,,,,,,,,
,,,,,,,,
,,,,,,,,
,PVEM,,,PVEM,,,,
,,,,,,,,
,,,,,,,,
,,PVEM,,,,,,
,,,,,,,,
,,,,,,,,
,,,,,,,,
,,,,,,,,
,,,,,PVEM,,,
,,,,,,,,
PVEM,,,,,PVEM,,,
,,,,,,,,
,,,,,,,,
,,,,,,,,
,,,,,,,,
,Ns/Nc,,,,,,,
,Ns/Nc,,,,,,,
,,MORENA,,,,,,
,,,,,,,MORENA,
Ns/Nc,,,,Ns/Nc,Ns/Nc,MORENA,Ns/Nc,Ns/Nc
MORENA,PVEM,,,MORENA,PVEM,MORENA,MORENA,
,,,,,,,,
,,,,,MORENA,,,
,,,,,PRI,,,
,,,,,,,,
,,,,,,,,
PRI,,,,,PVEM,,PRD,
,,,,,,,,
,,,,,,,,
,,,,,,,,
,,,,,,,,
,,,,,PVEM,,,
,,,,,,,,
,,,MORENA,,PVEM,,MORENA,PAN
PVEM,,,MORENA,,PVEM,,MORENA,PRI
,,,,,,,,
,,,,,PAN,PRD,PRD,
,,,,,,,,
,,,,,PVEM,,,
,,,,,,,,
,PRI,,,,,MORENA,MORENA,
,,,,,,,,
,,,,,,,,
,,,,,,,,
,,,,,Ns/Nc,,,
,,,,,,,,
,,,,,,,,
,,,,,,,,
,,,,,PVEM,MORENA,MORENA,
,,,,,,,,
,,,,,,,,
,,,,,,,,
,,,,,,,,
,,,,,,,,
,,,,,PRI,,,
,,,,,,,,
,,,,,,,,
,,,,,,,,
,,,,,PVEM,,,
,,,,,,,,
,,,,Ns/Nc,Ns/Nc,,,
,,,,,PVEM,,,
,,,,,,,,
,,,,,PRI,,,
,,,,PVEM,PVEM,,MORENA,
,,,,,PVEM,,,
,,,,,,,,
,,,,,PVEM,,,
,,,,,,,,
,,,,,Ns/Nc,,,
MORENA,,,MORENA,,PVEM,,MORENA,
,,,,,,,,
,,,,,,,,
,,,,,,,,
,,,,,,,,
,,,,,,,,
,,,,,,,,
,,,,,,,,
,,,,,,,,
,,,,,,,,
,,,,,,,MORENA,
,,,,,,,,
,,,,MORENA,,MORENA,,
,,,,,,,,
,,,,,,,,
,,,,,,,,
,,PRI,,,PRD,,,
,,,,,,,,
,,,,,,,,
,,,,,PVEM,,,
,,,,,,,,
,,,,,Ns/Nc,,,
MORENA,PVEM,,MORENA,MORENA,PVEM,MORENA,MORENA,MORENA
,,,,,Ns/Nc,,,
PRI,,,,,PVEM,,,
,,,,,,,,
,,,,,,,,
,,,,,,,,
,,,,,,,,
,,,,,,,,
,,,,,,,,
,,,,,PVEM,,,
,,,,,,,,
,,,,,MORENA,,,
,,,MORENA,,PVEM,,PRD,
,,,,,,,,
,,,,,,,,
,,,,,,,,
,,,,,,,,
,,,,,,,,
,,,,,,,,
,,,,,,MORENA,MORENA,
,,,,,,,,
,,,,,,,,
,,,,,,,,
,,,,,,,,
,,,,,,,,
,,,,,,,,
,PVEM,,,,Ns/Nc,,,
,,,,,,,,
,,,,,,,,
,,,,,,,,
,,,,,,,,
,,,,,,,,
,,,,,,,,
,,,,,,,,
,,,,,,,,
,,,,,,,,
,,,,,,,,MORENA
,,,,,,,,
,,,,,,,,
,,,,,,,,
,,,,,,Ns/Nc,Ns/Nc,
,,,,,,,,
,,,,,,,,
,,,,,,,,
,,,,,,MORENA,,
,,,,,,,,
,,PRD,,,,,,
,,,,,,,,
,,,,,,,,
,,,,,,,,
PRI,,,,,,MORENA,MORENA,
,,,,,,,,
,,,,,,,,
,,Ns/Nc,,,,MORENA,Ns/Nc,
,,,,,,,,
,,,,,,MORENA,MORENA,
,,,,,,,,
,,,,,,,,
,,,,,PVEM,,,
,,,PRD,PRI,,,,
,,,,,,,,
,,,,,,,,
,,,,,,,,
,,,,,MORENA,MORENA,MORENA,Ns/Nc
,,,MORENA,MORENA,,MORENA,MORENA,MORENA
,,,,,,,,
,,,,,,,,
,,,,,,,,
,,,,,,,MORENA,
,,,,,,MORENA,MORENA,
MORENA,MORENA,PRI,,MORENA,MORENA,MORENA,MORENA,
,,,,,,Ns/Nc,,
,,PVEM,PRI,,,,Ns/Nc,
,,PRI,,,,,,
,,,,,,,,
,,,,,,,,
,,,,,,,,
,,,,,,,,
,,,,,,,,
,,,,,,,,
,,,,,,,,
,,,,,,MORENA,MORENA,MORENA
PVEM,,,,,,,,
,,,,,,,,
,,,,,,,,
,,,,,,,,
,,,,,,,,
,,MORENA,,PES,PRI,MORENA,MORENA,
,,,MORENA,,PVEM,MORENA,MORENA,MORENA
,,,,,,,,
PRD,PVEM,,,PVEM,PVEM,PRD,PRD,PRI
,,,,,,,,
MORENA,PVEM,PRD,MORENA,PVEM,,MORENA,MORENA,
,PRI,PRD,,,PRD,,PRI,
,,,,,,,,
,,,,,,,,
,,,,,,,,
,,,,,PVEM,,PRD,
,,,,PAN,,,,
,,,,PAN,,,MORENA,
,,,,,PVEM,,Ns/Nc,
,,,,,,,,
,,,,,,,,
,,,,,,,,
,,,,,,,,
,,,,,,,,
,,,,,,,,
,,,,,,,,
,,,,,,,,
,,,,,,MORENA,,
,,,,,,,,
,,,,,,,Ns/Nc,
,,,,,,,,
,,,,,,,,
,,,,,,,,
,,,,,,,,
,,,,,,,,
,,,,,,,,
,,,,,,,,
,,,,PRI,,,PRD,
,,PAN,,,,,MORENA,
,,,,,,,PRI,
PVEM,,,,PRI,,,PAN,PRI
,,Ns/Nc,,,PT,,PT,
,,,,,,,,
,,,,,,,,
,,,,,,,,
,,,,,,,,
,,,,,,,,
,,,,,,,,
,,,,,,,,
MORENA,,MORENA,,PVEM,,MORENA,PRI,
,,,,,,,,
,,,,,,,,
,PAN,,,,,MORENA,,
,,,,,,,,
,,,,,,,,
MORENA,,,,,MORENA,MORENA,MORENA,
,,,,,,,,
,,,,,,,,PRI
,,,,,,,,
,,,,,,,,
,,,,,,,,
,,,,,,,,
,,,,,,,,
,,,,,PVEM,,,
,,,,,,,,
,Ns/Nc,,PRI,,PRD,,,
,,,,,,,,
,,,,,,,,
,,Ns/Nc,,,PVEM,MORENA,PRI,
,,,,,,,,
,,,,,,,,
,,,,,,,,
,,,,,,,,
Ns/Nc,,,,,,,,
,,,,,,,,
,,,,,,,,
,,,,,,,,
,,,,,Mover a Chiapas,,,
,,,,,,,,
,MORENA,,,,MORENA,MORENA,MORENA,
,,,,,,,PRD,
,PVEM,,,,,,,
Ns/Nc,,,,Ns/Nc,,Ns/Nc,,
,,,,,,,,
,,,,,,,,
,,,,,,,,
,,,,,,,,
,,,,,,,,
,,,,,,Ns/Nc,,
,,,,PVEM,,,,
MORENA,,PRI,,,,MORENA,MORENA,
,,,Ns/Nc,,PVEM,,,
,,,,,,,,
,,,,,,,,
,,,,,,,,
,,,,,,,,
,,,,,PVEM,,,
,,,,,,,,
,,,,,,,,
,,,,,PVEM,,,
,,,,,,,,
,,,,,PVEM,,,
,,,,,Ns/Nc,,,
,,,,,Ns/Nc,,,
,,,,,,,,
,,,,,,,,
,,,,,,,,
,,,,,,,,
,,,,,,,,
,,,,,,,,
,,,,,MORENA,MORENA,PAN,PRI
,,,,,,,,
,,,,,,,,
,,,,,,,,
,,,,,,,,
,,,,,PVEM,,,
,,,,,,MORENA,MORENA,
,,,,,,,,
,,,,,,,,
,,,,,,,,
,,,,,,,,
,,,,,,,,
,,,,,,,,
,,,,PVEM,,,,
,,,,,,,,
,PVEM,,,,,,,
,,,,,,,,
,,,,,,,,
,,,,,,,,
,,,,,,Ns/Nc,,
,,,,,,,,
,,,,,Ns/Nc,,,
,,,,,,MORENA,Ns/Nc,Ns/Nc
,,,,,,,,
PRI,,,,,,,PRI,
,,,,,,,,
,,,,,,,,
,,,,,,,,
,,,,,,,,
,,,,,,,,
,,,,,,,,
,,,,,,,,
,,,,,,,MORENA,
,,,,,,,,
,,,,,Ns/Nc,,,
,,,,,,,Ns/Nc,
,,,,,,,,
,,,,,PVEM,,,
,Ns/Nc,,,,PRI,,Ns/Nc,
,,,,,,,,
,,,,,PVEM,,,
,,,,,,,,
,,,,,,,,
,,,,,,,,
,,,,,PVEM,,,
,,,,,MORENA,,,
,,,,,PVEM,,,
,,,,,,,,
,,,,,,,,
MORENA,,,MORENA,,MORENA,,,
,,,,,,,,
,,,,,,,,
,,,,,,,,
,,,,,,,,
,,,,,,,,
,,,,,,,,
,,,,,,,MORENA,
,,,,,PRI,,,
,,,,,PVEM,,PT,
,,,,,,,,
,,,,,,,,
,,,,,,,,
,,,,,,,,
,,,,,,,,
,,,,,,,,
,,,,MORENA,,,MORENA,
,,,,,,,,
,,,,,Ns/Nc,,,
,,,,,,,,
,,,,,,,,
,,,,,,,,
,,,,,,,,
,,,,,,MORENA,MORENA,
,,,,,,,,
,,,,,,,,
,,,,,,MORENA,MORENA,
,,,,,,,,
PRI,PRI,,PVEM,PRI,PVEM,,,
,,,,,,,,
,,,,,,,MORENA,
,,MORENA,,PVEM,,MORENA,,
,,,,,PVEM,,,
,,,,,,,,
,,,,,PVEM,,,
,,,,,PVEM,,,
,,,,,,,,
,,,,,PVEM,,,
,,,,,PVEM,,,
,,,,,PT,,,
,,,,,,,,
,,,,,,,,
,,,,,PVEM,,,
,,,,,PVEM,,,
,,,,,PVEM,,,
,,,,,,,,
,,,,,,,,
,MORENA,,,,,,,
,,,,,,,,
,,,,,,,,
,,,,,,,,
,,,,,,,MORENA,
,,,,Ns/Nc,PVEM,,,
,,,,,,,,
,,,,,,,,
,,,,,,,,
,,,,,,,,
,,,,,,,,
,,,,,,MORENA,PRI,
,,PRD,,,,,,
,,,,,,PVEM,,
,,,,,,,,
,Ns/Nc,MORENA,,Chiapas Unido,Ns/Nc,MORENA,MORENA,
,,,,,,,,
,,,,,,,,
,PVEM,,,,,MORENA,MORENA,MORENA
,,,,,,,,
,,,,PVEM,,,,
,,,,,,,,
,,,,PRI,,MORENA,MORENA,
,,,,,,,,
,,,,,,,,
,,,,,PRI,,,
,,,,,,,,
,,,,,,MORENA,MORENA,MORENA
,,,,,,,,
,,,,,,,,
,,,,,,,,
,,,,,,,,
,,,,,,MORENA,MORENA,MORENA
,,,,,,,,
,,,,,PVEM,,,
,,,,Ns/Nc,,,Ns/Nc,
,,,,,,MORENA,Ns/Nc,
,,,,PVEM,,,PRI,MORENA
,,,,,,,,
,,,,,,,,
,,,,,,,,
,,,,,,,Ns/Nc,
,,,,,,MORENA,,
,,,,,,,,
,,,,,,,,
,,,,,,,PRI,PRI
,,,,,,,,
,,,,,,PAN,PAN,
,,,,,,,,
,,,,,,,,
,,,,,,,,
,,,,,,,MORENA,
,,,,,,,,
,,,,,,,,
,,,,,,,,
,,,,,,,,
,,,,,,,,
,,,,,,,,
,,,,,,,,
,,,,,,,,
,,,,,,,,
,,,,,,,,
,,,,,MORENA,MORENA,MORENA,
,,,,,,,,
,,,,,,,,
,,,,,,,,
,,,,,,,,
,,,,,,,,
,,,,,,,,
,Ns/Nc,,,,,,,
PRI,,,,,,,,
,,,,,,PRD,,
,,,,,,,,
,,,,,MORENA,,,
,,,,,,,,
,,MORENA,MORENA,,,MORENA,,
,,,,,,,,
,,,,,,,,
,,,,,,,,
,,,,,,,,
,,,,,,,,
,,,,,Ns/Nc,,,
,,,PAN,,PVEM,,Ns/Nc,
,,,,,,,,
,,,,,,,,MORENA
,,,,,,,,
,,,,,,,,
,,,,,,,,
,,,,,,,,
,,,,,,,,
,,,,,,,MORENA,
,,,,Chiapas Unido,,,PRI,
PRI,,PRD,,,PVEM,MORENA,MORENA,
,,,,,,,,
,,,,PES,,,,
,,,,,,,,
,,,,,,MORENA,,
,,,,,,,,
,,,,,,,,
MORENA,,,,,,,MORENA,
,,,,,,,,
,,,,,,,,
,,,,,PVEM,,MORENA,
,,,,,Ns/Nc,,,
,,,,,MORENA,MORENA,MORENA,
,PRI,,MORENA,,MORENA,,PRD,
,,,PVEM,,PVEM,,,
,,,,,PVEM,,,
MORENA,,,MORENA,,,MORENA,MORENA,MORENA
,,,,,,,,
,,,MORENA,,MORENA,,MORENA,Ns/Nc
Ns/Nc,,,,,PAN,,,
,,,,,,,PRI,
,,,,,,,,
,,,,,,,,
,,,,,,,,
,PVEM,,,PVEM,PVEM,,Ns/Nc,
,,,,,,,,
,,,,Ns/Nc,,,,
,,,,Ns/Nc,,,Ns/Nc,
,,,,,,,PRI,
,,,,,,,,
,,,,,,,,
,,,,,,MORENA,,
,,,,,,,,
,,,,,,,,
MORENA,,,,PVEM,,MORENA,MORENA,
,,,,,,,,
,,,,,PAN,,,
,PVEM,,,,,,,
,,,,,,,,
,,,,,,,,
,,,,,,,,
,,,,PVEM,,,,
,,,,,,,,
,,,,,,,,
,,,,,,MORENA,,
,,,,,,,,
PRI,,,,PRI,,,PRI,
,PVEM,,,PVEM,PVEM,,PRI,MC
,,,,,,,,
,,,,,,,,
,,,,,,,,
,,,,,,,,
,,,,,,,,
,,,,,,,,
,,,,,,,,
,,,,,,,,
,,,,,,,,
,,,,,,,,
,,,,,,,,
,,,,,,,,
,,,,,,,,
,,,,,,,,
,,,,,,,,
,,,,,,,,
,PRI,,,,,,,
,,,,,PRI,,PRI,
,Ns/Nc,,,,,Ns/Nc,,
,,,,,,,,
,,PRD,,,,,,
,,,,,,,,
MORENA,,,,,,MORENA,MORENA,MORENA
,PVEM,,,,,,,
,,,,,,MORENA,MORENA,
,,,,,,,,
,,,,,,MORENA,MORENA,
,PRI,,,,,,,
,,,,,,,,
,MORENA,,,,,MORENA,MORENA,
,,,,,,,,
,,,,,,,,
,PVEM,,,,,,,
,,,,,,,,
,,,,,,,,
,PAN,,,,,,,
,,,,,,,,
,,,,,PVEM,,,
Chiapas Unido,,,,,PVEM,MORENA,MORENA,MORENA
MORENA,,,,,PVEM,,,
,,,,,,,,
,PVEM,,,,PVEM,,,
,,,,,PRI,,,
,,,,,,,,
,,,,,,,,
PRI,PVEM,,,,PVEM,PRI,PRI,
,,,,,,,,
,PRI,,,,,,Ns/Nc,
,PRI,,,,MORENA,,MORENA,
,,,,,,,,
,PVEM,,,,,,PRI,
,,,,,,,,
,,,,,,,,
,PVEM,MORENA,PRI,PRI,MORENA,MORENA,PRD,PRI
,,,,,,,,
,,,,,,,,
MORENA,,,,,,MORENA,,
,,,,,,,,
,,,,MORENA,,,,
,,,,,,,MORENA,
,,,,PVEM,,,,
,,,,,,,,
,,,,MORENA,,,PRI,
,,,,,,,,
,PVEM,,,,,,,
,PVEM,,,PRD,,,MORENA,MORENA
,,,,,,,,
,,,,,,,,
,PVEM,,,,,,MORENA,
,,,,,,,,
,,,,,,MORENA,MORENA,
,,,,,,,,
,,,,,,,,
,,,,,,,MORENA,
,,,,,,,,
,,,,,,,,
,,,,,,,,
,,,,,,,,
,,,,,,,,
,,,,,,,,
,,,,,,,,
,,,,,,,,
,PRI,,,,,,,
,,,,,,,,
,,,,,,,,
,MORENA,,,,MORENA,MORENA,PRI,
,,,,,,,,
,,,,,,,,
,,,,,,MORENA,,
,,,,,,MORENA,MORENA,
,,,,,,,,
MORENA,PVEM,,MORENA,MORENA,MORENA,,PRD,PRI
,,,,,,,,
,,,,,PVEM,,PVEM,
,,,,,,,,
,PANAL,,,,PRI,,,
PRI,PRI,Ns/Nc,,Ns/Nc,Ns/Nc,MORENA,,Ns/Nc
,,,,,,,,
,Ns/Nc,,,,,,Ns/Nc,
,,,,,,MORENA,MORENA,
,,,,,,,,
,,,,,,,,
,,,,,,,,
,PVEM,,,,,,MORENA,
,,,,,,,,
,,,,,,,,
,,,,,,,,
,,,,,,,,
,,,,,,,,
,,,,,PVEM,,,
,,,,,PVEM,,,
,,,,,,,,
,,,,,,,,
,,,,,,,,
,,,,,,,,
,,,,,,,,
,,,,,,,,
,,,,,MORENA,,,
,,,,,MORENA,,,
,,,,,,,,
,,,,,,,,
,,,,,,,,
,,,,,,,,
,,,,,,,,
,,,,,,,,
,,,,,,,,
,,,,,,,,
,,,,,,,,
,,,,,,,,
,,,,,,MORENA,MORENA,
,,,,,,,,
,,,,,,,,
,,,,,,,,
,,,,,,,,
,,MORENA,,,,,,
,,,,,MORENA,,,
,,,,,,,,
,,,,,,,,
,,,,,,,,
,,,,MORENA,,,,
,,,,,,,,
,,,,,,,,
,,,,,,,,
,,,,,,,,
,,,,,PVEM,,,
,,,,,,,,
,,,,,,,,
,,,,,,,,
,,,,,PVEM,,,
,,,,,,MORENA,PRI,
,,,,,,,,
,,,,,PVEM,,,
,,,,,,,,
,,,,,,,,
,,,,,,,,
,,,,,PRI,,PRI,
,,,MORENA,,PVEM,,,
,,,,,PVEM,,Ns/Nc,
,,,,,,,,
,,,,,,,,
,,,,,,,,
,,,,,MORENA,,,
,,,,,,,,
,,,,,,,,
,,,MORENA,,,MORENA,,MORENA
,,,,,MORENA,,,
,,,,,,,,
PRI,,,,,,MORENA,MORENA,
PRI,PVEM,,,PRI,,,PRI,
,,,,,,,,
MORENA,,,,,MORENA,MORENA,MORENA,MORENA
,PVEM,,,,,MORENA,,
,,,,,Ns/Nc,,Ns/Nc,
PRI,PRI,,,,MORENA,MORENA,MORENA,MORENA
,,,,,,,,
,,,,,,,,
,,,,,,,,
,,,,,,,,
,,,,,,,,
,,,,,,,,
,,,,,,,,
,PVEM,,MORENA,,PRI,,MORENA,
,,,,,,,,
,,PVEM,MORENA,,MORENA,,MORENA,
,,,,,MORENA,MORENA,MORENA,
,,,,Ns/Nc,,,PRD,
PRI,,,,,,,,PRI
,,,PVEM,,PVEM,MORENA,MORENA,
,,,,,,,MORENA,MORENA
,,PVEM,,,MORENA,,MORENA,
,,,,,,,,
,,,,,,,,
,,MORENA,,,,,,
,,,,,,,,
,,,,,,,,
,,,,,PVEM,,,
,,,,,,,,
,,,,,PVEM,,,
,,MORENA,,,PVEM,MORENA,MORENA,
,,,,,PVEM,MORENA,MORENA,
,,,,,PVEM,MORENA,,
,,,,,,,,
MORENA,,,,,,MORENA,MORENA,MORENA
,,,,,,,,
,,,,,,MORENA,,Ns/Nc
,,,,,,,,
,,,,,,,,
,,,,,,,,
PVEM,,,,,PVEM,,PRD,
,,,,,,,,
,,,,,,,,
,,,,,,,,
,,,,,,,,
,,,,,,MORENA,,
,,,,,,,,
MORENA,,,,,,,,
,,,,,,,,
,,,,,,,,MORENA
,,,,PRI,,,MORENA,
MORENA,PVEM,MORENA,,,MORENA,MORENA,MORENA,MORENA
,,,,,,,,
,,,,,Ns/Nc,,,
,,,,,,,,
,,,,,,,,
,,,,,,,,
,,,,,PVEM,,,
,,,,,PVEM,MORENA,,
,,,,PVEM,PVEM,,,PVEM
MORENA,,,,,,,,
,,,,,,,,
,,,,,,,,
,,,,,,,,
,,,,,,,PRI,
,,,,,,,,
,,,,,,,,
,,,,,,,,
,,,,,,,,
,,,,,,,,
,,,,,,MORENA,MORENA,MORENA
,,,,,,MORENA,,
,,,,,,,,
MORENA,,,,,MORENA,MORENA,MORENA,MORENA
,,,,,,,,
,,,,,,,,
,,,,,,,MORENA,
,,,,,,,,
,,,,,,,,
,,,MORENA,,PVEM,,,
,,,,,PVEM,,,
,,,,,,,,
,,,,,,MORENA,,
,,,,,,,,
,,,,,PVEM,MORENA,,
,,,,,PVEM,,,
,,,,,PRI,,PRI,
,,,,,,,,
,,,,,,,,
,,,,,,,,
,MORENA,,,PRI,MORENA,MORENA,MORENA,
PT,PAN,,,,,,,
,,,,,,,,
,,,,,,,,
,,,,,,MORENA,PRI,PRI
,,,,,,,,
,,,,,,,,
,,,,,,,MORENA,
,,,,,,,,
,,,,,,,,
,,,,,,,,
,,,,MORENA,,,,
,,,,,,,,
,,,,,,,,
,,,,,,,,
,,,,,,,,
,,,,,PVEM,,,
,,,,,,,,
,,,,,PVEM,,,
,,,,,,,,
PRD,,PRI,MORENA,,MORENA,MORENA,MORENA,MORENA
,,,,,,,,
,,,PAN,,PVEM,,,
,,,,,PVEM,,PRI,
,,,,,PVEM,MORENA,,
,,,,,,,,
,,,,,,,,
,,,,,PVEM,,,
PAN,PRI,,MORENA,,MORENA,MORENA,MORENA,MORENA
,,,,,,,,
,,,MORENA,,,,,
,,,,,MORENA,,,
,,,,,,,,
,,,MORENA,Ns/Nc,PVEM,,PAN,
,,,,,,,,
,,,,,,,,
,,,,,,,,
,,,,,,,,
,,,,,,,,
MORENA,PVEM,,PVEM,,MORENA,MORENA,MORENA,MORENA
,,,,,,,,
,,,,,,MORENA,,
,,,,,,,,
,,,,,MORENA,,,
,,,,,,,,
,,,,,,,,
,,,,,,,,
,,,,,PVEM,,,
,,,,,,,,
,,,,,,MORENA,,
,,,,,,,,
,,,,,,,,
,PRI,,,,,,,
,,,,,,,,
,,,,,,MORENA,,
,,,,,,,,
,,,,,,,,
,,,,,PVEM,,PRD,
,,,,,PRI,,,
,,,,,,,Ns/Nc,
,,,,,,,,
,,,,,,,,
,PAN,PRI,,,PVEM,MORENA,MORENA,MORENA
,,,,,,,,
,,PRD,,PVEM,PRI,MORENA,,
,,,,,,,,
,,,,,,,,
,,,,,,,,
PVEM,,PRI,,,,MORENA,PRI,
,,,,,,,,
,,,,,,,,
,,,,,PRD,,,
,,,,,,,,
,,,,,,MORENA,MORENA,
,,,,,,,,
,,,,,,,,
,,,,,,MORENA,MORENA,
,,,,,,,,
,,,,,,MORENA,MORENA,
,,,,,,,,
,,,,,,,PRI,
,,,,,,,,
,,,,,,,,
,,,,,,,,
,,,,,,,,
,,,,,,,,
,PVEM,,,,PVEM,,PRI,
,,,,,,MORENA,MORENA,
,,,,,,,,
,,,,,,,,
,MORENA,,,,MORENA,MORENA,MORENA,
,,,,,,,,
,,,,,,,,
,,,,,,,MORENA,
,,,,,PVEM,,,
,,,,,,,,
,,,,,,,,
,,,,,,,,
,PVEM,,,,PVEM,,,
,,,,,,,,
,,,,,,,,
,,,,,,,,
,,,,,,,,
,,,,,,,,
,,,,,,,,
,,,,,,,,
,,,,,PVEM,MORENA,,
,,,,,,MORENA,,
MORENA,,,MORENA,,MORENA,,MORENA,
,,,,,,,,
,,,,,,,,
,,,,,,,,
,PRI,,,,PVEM,MORENA,MORENA,MORENA
,,,,,PVEM,,,
,,,,,,,,
,,,,,,,,
,,,,,,,,
,,,MORENA,,MORENA,,PRI,
,,,,,,,,
,,,,,PVEM,,,
,,,,,,,,
,,,,,PVEM,Ns/Nc,MORENA,
,,,,,PVEM,,,
,,,,,PVEM,,,
,,,,,PVEM,,,
,,,,,,,,
,,,,,,,,
,,,,,,,,
,,,,,,,,
,,,,,,MORENA,,
,,,MORENA,,,MORENA,MORENA,
,,,,,,,,
,,,,,,,,
,,,,,,,,
,,,,,,,,
,,,,,,,,
,,,,,,,,
,,,,,,PRI,,
,,,,,,,,
,,,,,,,,
,,,,,,,,
,,,,,,,,
,,,,,MORENA,,,
,,,MORENA,,MORENA,,MORENA,
,,,,,,,,
,,,,,,,,
,,,,,,,,
,,,,,,,,
,,,,,,,,
,,,,,,,,
,,,,,,,,
,,,MORENA,,MORENA,,,
,,,,,,,,
,,,,,PVEM,,,
,,,,,Ns/Nc,,Ns/Nc,
,,,,Ns/Nc,PVEM,,Ns/Nc,
,,,,,,,,
,,,MORENA,PRD,PVEM,MORENA,PRD,
PRI,MORENA,,,,MORENA,,,
,,,,,,,,
,,,,,,,,
,,,,,,,,
,PVEM,,,,,,,
,,,,Mover a Chiapas,PVEM,,,
,,,,,,,,
,,,,,PVEM,,MORENA,
,,,,,,,,
,,,,,,,,
,,,,,,,,
,,,,,,,,
,,,,PVEM,PVEM,,,
,,,,,PVEM,,,
,,,,,MORENA,,,
PRI,,,,,PVEM,MORENA,,
,,,,,,,,
,,,MORENA,,,,,
,,,,,PAN,,,
,,,,,,,,
,,,,,,,,
,,,,,,,,
,,MORENA,,,PVEM,,,
,,,,,,MORENA,,
,,,,,,,,
,,,,,Ns/Nc,,,
,,,,,,,,
,,,,,PVEM,,,
,,,,,PVEM,,,
,,,,,PRI,,,
,,,,,,,,MORENA
,,,,,,,MORENA,
,,,,,,MORENA,,
,,,,,,,,
,,,,,,,,
,,,,,,,,
,,,,,,,,
,,,,,,MORENA,MORENA,
,,,,,,PRI,,
,PVEM,,PRI,,PVEM,,,
PVEM,,MORENA,,,,,MORENA,
,,,,,,,,
MORENA,,,,,,,,
,Ns/Nc,,,,PVEM,,MORENA,
,,,,,,,,
,,,,,,,,
,,,,,,,,
,,,,,,,MORENA,
,,MORENA,,,,,,
,,,,,,,,
,,,,,,,,
,,,,,,,,
,,,,,,,,
,,,,,,,,
MORENA,,,,,MORENA,MORENA,MORENA,MORENA
,,,,,,,,
,,,,,,,,
,,,,,,,,
,,,,,,,,
,,,,,,,,
,,,,,,,,
,,,,,,,,
,,,,,,,,
,,,,,,,,
,,,,,,,,
,,,,,,,,
,,,,,,,MORENA,
,,,,,,,PRD,
,,,,,,,,
,,,,,,,,
,,,,,,,,
,,,,,,,,
MORENA,,MORENA,,,MORENA,MORENA,MORENA,MORENA
,,,,,,,,
,,,,,,,,
,,,,,,,,
,,,,,,,,
,,,,,,,,
,,,,,,,PAN,
,,,,,,,,MORENA
,,,,,,,,
,,,,,,,,
,,,,,,,,
,,,,,,,,
,,,,,,MORENA,MORENA,PAN
,,,,,,,,
,,,,,,,MORENA,
,,PRD,MORENA,MORENA,MORENA,,MORENA,MORENA
,,,,,,,,
,,,,,,,,
,,,,,,,,
,,,,,,,,
,,,,,,,,
,,,,,,,,
,,,,,,,,
,,,,,,,PRI,
,,,,,,,,PRD
,,,,,,MORENA,,
,,,,,,,,
,,,,,,,,
,,,,,,,,
,,,,,,,,
,,,,,,,,
,,,,,,,,
,,,,,,,PRI,
,,,,,,,,
,,,,,PVEM,,,
,,,,,PVEM,,PRI,
,,,,,MORENA,,,
,,,,,PVEM,,,
,,,,,,,,
,,,,,,,PAN,
,,,,,,,,
,,,,,,,,
,,,,,,,,
,,,,,,,,
,,,,,,,,
,,,,,PVEM,MORENA,PRD,MORENA
,,,,,,,,
,,,,,,MORENA,,
,,,,,,,,
,,PRD,,,,,MORENA,
,,,,,,,,
,,,,,,,,
,,,,,,,,
,,,,,,,,
PRI,,,,,,MORENA,MORENA,
,,,,,,MORENA,MORENA,
,,,,,,,,
,,,,,,,MORENA,
,,,,,,,,
,,,,,PVEM,,MORENA,
,,,MORENA,,,MORENA,MORENA,MORENA
,,,,,,,,
,,,,,,,PRD,
,,,,,,,,
,,,,,,,,
,,,,MORENA,,,,
,,,,,,,,
,,,,,,,,
,,,,,,,,
,,,,,,,,
,,,,,,,,
,,,,,,,,
,,,,,,,,
,,,,,,,MORENA,
,,,,,,,,
,,,,,,,PRD,
,,,,,,,,
,,,,,,,,
,,,,,,,,
,,,,,,,,
,,,,,,,,
,,,,,,,,
,,,,,,,,
,,,,,,PVEM,PVEM,
,,,,,,,,
,,,,,,PVEM,,
,,,,,,,Ns/Nc,
,,,,,,,,
,,,,,,,,
,,,,,,,,
,,,,,,,,
,PVEM,,PRI,PVEM,MORENA,MORENA,MORENA,MORENA
,,,,,,,,
,,,,,,,,
,,,,,,,,
,,,,,,,,
,,,MORENA,,PRI,MORENA,MORENA,
,,,,,,,,
,,,,,,,,
,,,,,,,,
,,,,,PAN,,,
,,,,,,MORENA,,
,,,,,,,,
,,,,,,,,
,,,,,,,,
,,,,,,,,
,PVEM,,,,,,,
,,,,,,,,
,,,,,,,,
,,,,,,,,
,,,,,,MORENA,MORENA,
,,,,,,,,
,,,,,,,,
,,,,,,,,
,,,,,,,,
,,,,,,,,
,PRI,,,,,,MORENA,
,,,,,,,,
,PRI,,,,,,,
,,,,,,,,
,PRI,,,MORENA,PAN,,,
,,,,,,,,
,,,,,,,,
,,PAN,,,PRD,,,
,,PRD,,,,,,
,PVEM,,,PVEM,,MORENA,,
,,,,,,,,
,,,,,,,MORENA,
,,,PAN,,,,,
,,,,,,,MORENA,
,,,,,,,,
,,,,,,,MORENA,
,,,,,,,MORENA,
,,,,,,,MORENA,
,,,,,,,,
,,,,,,,,
,PVEM,,,,,MORENA,,
,,,,,,,,
,,,,,,,,
,,,,,,,,
,,,,,,,,
,,,,,,,,
,,,,,,,,
,,,,,,MORENA,,
,,PRD,,,,,,
,,,,,,,,
,,,,,,,,
,,,,,,,,
,,,,,,,,
,,,,,,,,
,,,,,,,,
PRI,PVEM,MORENA,PVEM,PVEM,PVEM,MORENA,MORENA,
,,,,,,,,
,,,,,,,,
,,,,,,,,
,,,,,,,,
,,,,,,,,
MORENA,,,,PVEM,PVEM,MORENA,MORENA,MORENA
,,,,,,,,
,,,,,,,,
,,,,,,MORENA,MORENA,
,,,,,,,,
,,,,,,,,
,,,,,,,,
,,,,,PVEM,,,
,,,,PVEM,,,MORENA,PRI
,,,,PVEM,,MORENA,,
,,,,Ns/Nc,Ns/Nc,,PAN,
,,,,,,,,
,,,,,,,,
,,,,,,,,
,,MORENA,,,,,,
,,,,,,,,
,,,,,,,,
,,,,,,,,
,,,,,,,,
,,,,,,MORENA,MORENA,
,,,,,,,,
,,,,,,,,
,PVEM,,,,,,,
,,,,,,,PRI,
,,,Ns/Nc,,,,Ns/Nc,
,,,,,,,,
MORENA,PVEM,MORENA,PVEM,,PVEM,MORENA,PRI,MORENA
Ns/Nc,,,,,,,,
,,,,PES,PVEM,PRI,PRI,
,,,,,,,Ns/Nc,
,,,,,,,,
,,,,,,,,
,,,,,PVEM,MORENA,PRD,MORENA
,,,,,,,,
,,,,,,,,
,,,,,,,,
MORENA,PVEM,MORENA,PRI,PVEM,PVEM,MORENA,PRD,PRI
,PVEM,,,,,MORENA,MORENA,
,,,,,,,,
,PVEM,,,,,,MORENA,
,,,,,,,,
,,,,,,,,
,,,,,,,,
,,,,,,,,
,,,,,,,,
,,Ns/Nc,,,,,,
,,,,,,,,
,,,,,PVEM,,,
,,,,,,,,
,,,,,,,,
Ns/Nc,,Ns/Nc,,,Ns/Nc,MORENA,,
,,,PRI,,,,,
,,,,,,,,
,,,,,,,,
,,,,,,,,
,,,,,MORENA,MORENA,PRI,
,,,,PRI,,MORENA,,
,,,,,,MORENA,MORENA,
,,,,,,,,
,,,,,,,,
,,,,,,,,
,,,,,,,,
,,,,MC,MORENA,,,
,,,,,,,,
,,,,,,,,
,,,,,,,,
,,,,,,,,
,,MORENA,,PVEM,PVEM,,,
,,,,,,,,
,,,,,,,,
,,,,,,,,
,,,,,,,MORENA,
,,,,,,,,
,,,,,,,MORENA,
,,,,,,,,
,,,,,,,,
,,,,,,,,
,,,,,,PAN,,
,,,,,,,,
,,,,,,,,
,,,,,,,MORENA,
,,,,,,,,
,,,,,,,,
,,,,,PVEM,,,
,,,,,,,,
,,,,,,PRI,MORENA,
MORENA,PVEM,MORENA,,,MORENA,MORENA,MORENA,MORENA
,,,,,,,,
,,,,,,,,
,,,,,,,,
,,,,,,,,
,,,,,,,,
,PVEM,,,,,,,
,,,,,,Ns/Nc,,
MORENA,,,,PVEM,,MORENA,,
,,,,,,,,
,,,,,,,,
,,,,,,,,
,,,,,,,MORENA,
,,,,,,,,
,,,,,,,,
,,,,,,,,
,,,,,,,,
,,,,,,,,
,,Ns/Nc,,Ns/Nc,Ns/Nc,,,
,,,,,,,,
,,,,,,,,Ns/Nc
,,,,,,,,
,,,,,,,,MORENA
,,,,,,Ns/Nc,,
,,,,,,,,
Ns/Nc,,Ns/Nc,,,,MORENA,PRI,
,,,,,,,,
,,,,,,,,
,,,,,,,,
,,,,,MORENA,MORENA,MORENA,MORENA
,,,,MORENA,,MORENA,,
MORENA,,,,,PAN,,PRI,
PVEM,PVEM,,PVEM,MORENA,PVEM,MORENA,MORENA,MORENA
,,,,,,,,
,,,,,,,,
,,,,,,,,
PRI,,,,,,MORENA,,
,,,,,,,,
,,,,,,,,
,,,,,,,,
,,,,,,,,
,,,,PT,,,MORENA,
,,,,,,,,
,,,,,,,,
MORENA,,,,PVEM,,PRD,MORENA,PRD
,,,,,,,MORENA,
,,,,,,,,
,,,,,,MORENA,,
,,Ns/Nc,,,,,,
,,,,,,MORENA,MORENA,
,PRI,MORENA,,,PVEM,MORENA,,
,,,,,,MORENA,MORENA,MORENA
,,PRI,MORENA,,,,,
,,Ns/Nc,Ns/Nc,,PRI,,PRI,
,,,,,,,,
,,,,,,,,
,,,,,,,,
,,,,,,,,
,,,,,,,,
MORENA,PVEM,,,,PVEM,MORENA,MORENA,MORENA
,,,,,,,,
,,,,,,,,
,,,,,,,,
,,,,,,,,
,,,,,,,,Ns/Nc
,,,,,,,,
,,,,,,,,
,,,,,,,,
,Ns/Nc,,,,Ns/Nc,,,
,,,,,,,,
,,,,,,,,
,,,,,,,,
,,,,,,,MORENA,
,,,,,,,,
,,,,,,,,
,,,,,,,,
,,,,,,,,
,,,,,,,,
,,,,,,,,
,,,,,,,MORENA,
,,,,,,,,
,,,,,,,,
,,,,,,,,
,,,,,,,,
,,,,,,,,
PRD,,,,,,,,
,,,,,,,,
,PAN,,,,,,PRI,
,,,,,,PRI,,
,,,,,,,,
,,,,,,,,
,,MORENA,,,,MORENA,MORENA,MORENA
,,,,,,,,
,,,,,,,,
,,,,,,,,
,,,,,,,,
,,,,,,,,
,,,,,,,,
,,,,,,,,
,,,,,,,,
,,,,,,,,
,,,,,,,,
,,,,,,,,
,,,,,,,,
,,,,,,,,
,,,,,,,,
,,,,,,,,
,,,,,,,,
,,,,,,,,
,,,,,,,,
,,,,,,,,
,,,,,,,,
,,,,,,,,
,Ns/Nc,,,,,,,
,,,,,,,PRI,
,,,,,,,,
,,,,,,,,
,,,,,,,,
,,,,,,,MORENA,
,,,,,,,,
,,,,,,,,
,,,,,,,,
,,,,,MORENA,,MORENA,
,,,,,,,,
,,,,,,,,
,,,,,,MORENA,MORENA,PAN
MORENA,PT,,MORENA,MORENA,PVEM,MORENA,MORENA,MORENA
,,,,,,,,
,,,,,,,,
,,,,,,,,
,,,,PES,,MORENA,MORENA,
,,,,,,,,
,,,,,,,,
,,,,,,,,
,,,,,,,,
,,,,,,,,
,,,,,,,,
,,,,,,MORENA,MORENA,
,,,,,,,,
,,,,,,,,
,,,,,,,,
,,,,,,,,
,PRI,,,,,,,
,,,,,,,,
,,,,,,,,
,PT,,,PES,,MORENA,MORENA,
,,,,,,,,
,,,,,,,,
,,MORENA,,PVEM,,,,
PRI,,MORENA,,PVEM,PVEM,,,
,,,,,,,,
,,,,,,Ns/Nc,Ns/Nc,
,,,,,,,,
,,,PVEM,,,MORENA,,
,PRI,,,PVEM,,MORENA,PRI,MORENA
,,,,,,,,
MORENA,,MORENA,,,,MORENA,MORENA,MORENA
,,,,,,,,
,,Ns/Nc,,,,,Ns/Nc,
,,,,,,,,
,,,,,,,,
,,,,,,,,
,,,,,,,,
,,,PRI,,PVEM,MORENA,PAN,
,,,,,,,,
,,,,,,,,
,,,,,,,,
,,,,,,MORENA,PRI,
,,,,,,,PRI,
,,,,,,,,
,,,,,,,,
,,,,,,Ns/Nc,,
,,,,,,,,
,Ns/Nc,,,,,,Ns/Nc,
,,,,,,,,
,,,,,,MORENA,,
,,,,,,MORENA,,
,,,,,,,,
,,,,PVEM,,,,
,,,,,,,,
,,,,,,,,
,,,,,,,,
,,,,,,MORENA,,
,,,,,,,,
MORENA,,,,,,,,
,,,,,MORENA,,,
,,,,,,,,
,PVEM,PRD,,,,,PRD,
,,,,,,,,
,,MORENA,,,,,,
Ns/Nc,,,,,,,,
,,,,,MORENA,,,
,,,,,MORENA,,,
,,,,,,,,
,,,,,,,,
,,,,,,,,
,,,,,,,,
,,,,,,,Ns/Nc,
,,,,,,,,
,,,,,,,,
,,,,,,,,
,,,,,,,,
,,,,,,,,
,,,,,,,MORENA,
,,,,,,,,
,,,,,,,,
,,,,,,,,
,,MORENA,,,,,,
,,Ns/Nc,,PVEM,,,,
,,,,,,chiapas unido ,MORENA,
,,,,,,Ns/Nc,,
,,,,,,,,
,,,,,,,Ns/Nc,
,,,,,,,Ns/Nc,
,,,,,,,,
,,,,,,,,
,,,,,,,,
,,,,,,,,
,,,,,,,,
,,,,,,,,
,,,,,,,,
,,,,,,MORENA,,
,,,,,,,,
,,,,,,,,
,,,,,,,,
,,,,,,,,
,,,,,,,,
,,,,,,,,
,,,,,,,,
,,,,,,,,
,,,,,,,,
,,,,,,,,
,,,,,,,MORENA,MORENA
,,,,,,Ns/Nc,,
,,,,,,,,
,,,,,,,,
,,,,,,,,
,,,,,,,,
,,,,,,,,
,,,,,,,,
,,,,,,,,
,,,,,,,,
,,,,,,,PAN,
,,,,,,,,
,,,,,,,,
,,,,,,,,
,,,,,,,,
,,,,,,,,
,,,,,,,,
,,,,,,,,
,,,,,,,,
,,,,,,,,
,,,,,,,,
,,,,,,,,
,,,,,,,,
,,,,,,,,
,,,,,,,,
PVEM,,MORENA,,,MORENA,MORENA,PRI,
,,,,,,,,
,,,,,,,,
,,,,,,,,
,,,,,,,,
,,MORENA,,,,,,
,,,,,,,,
,,,,,,,,
PVEM,,,,,,,,
,,,,,,,MORENA,
,,MORENA,,,,,MORENA,MORENA
,,,,,,,,
,,,,,,,PAN,
,,,,,,,,
PVEM,PVEM,,,,MORENA,MORENA,PRD,PAN
,,,,,,,,
,,,,,,,,
,,,,,,,,
,,,,,,,,
,,PVEM,,,,,,
,,,,,,,,
,,,,,,,,
,,,,,,,,
,,,,,,,,
,,,,,,,,
,,MORENA,,,PVEM,,,
,,,,,,,,
,,,,,,,,
,,,,,,,,
,,,,,,,,
,,,,,,,,
,,,,,PVEM,,,
,,,,,PAN,,,
,,,,,,,,
,,,,,,,,
,,,,,,,PRI,
,,,,,,,,
,,,,,,,,
,,,,,,,,
,,,,,,,,
,,,,,,MORENA,,
,,,,,,MORENA,PRI,
,,,,,,,,
,,,,,,,,
,,,,,,,,
,,,,,,,,
,,,,,,,,
,,,,,,,,
,,,,,,,,
,,,,,,,PAN,
,,,,,,MORENA,MORENA,
,,,,,,PRD,PRD,PAN
,,,,,,,,